type,source,destination,status,hash,notes
symbol,,symbols/analog/Amplifier_Operational.kicad_sym,UNCHANGED,8657aa931850363f03b38705e7e89ba23a74cfd1e3d72886824556f53eb64f74,category=analog
symbol,,symbols/analog/Analog.kicad_sym,UNCHANGED,d8e39c9bc05fcf220597f5a7995cd8f1626e614dcba5e3b600d63248aad8170b,category=analog
symbol,,symbols/analog/Analog_ADC.kicad_sym,UNCHANGED,62d806b56fee0c7876485a67b179ff77ca175ca0d46dc2751ed6c2dae7223879,category=analog
symbol,,symbols/analog/Analog_DAC.kicad_sym,UNCHANGED,479eed3e07dfb5ff307339891cf5adf56b279f6a7356611450400bde4d4326e9,category=analog
symbol,,symbols/analog/Analog_Switch.kicad_sym,UNCHANGED,52749648788e5c169296057d66d6eef8b9580ce044de2877b8e4a13169be5d20,category=analog
symbol,,symbols/analog/Diode_Bridge.kicad_sym,UNCHANGED,c919a32c0bea26bccaeed49cd5d4216d22038ec5b1e9436e2b1f72866bad874b,category=analog
symbol,,symbols/analog/Diode_Laser.kicad_sym,UNCHANGED,478fe5fbe5f42b8cb7dc8db3a9deb1d2ab966a5d60759ad270dda659cad1308c,category=analog
symbol,,symbols/analog/Diode_Official.kicad_sym,UNCHANGED,f46947ae638b9029ccb3ecbbee19e7b42ffcc516f509fe1d3329544c291215b4,"renamed from auto-generated 'Diode_2.kicad_sym'; this file is byte-identical to the upstream official KiCad Diode.kicad_sym and collided (case-insensitive filesystem) with the smaller custom symbols/analog/diode.kicad_sym -- both kept, distinct names"
symbol,,symbols/analog/Driver_FET.kicad_sym,UNCHANGED,fd41073b11a1ce07089b52baaaff60c03d77ea39cffc0d7ef7d8d2c1e8ebe9dd,category=analog
symbol,,symbols/analog/Driver_Relay.kicad_sym,UNCHANGED,7f76cb8d58c7f6220191e323e8b83e557f30d3aa9bb86cba792f826ec9deb6c4,category=analog
symbol,,symbols/analog/FDC608PZ.kicad_sym,UNCHANGED,de98bcae2cb63b32c0c28a175c387973d84e3d735b1212d8dae6c5fe5b6ad9f2,"imported from https://github.com/freeDSP/FreeDSP_ki-CAD_Libraries, symbol only (P-channel MOSFET; no matching local footprint file)"
symbol,,symbols/analog/Filter.kicad_sym,UNCHANGED,74021baa94f143c3431cc7419a756791da6b725f54647dfead240c76e1a89225,category=analog
symbol,,symbols/analog/IMN10T108.kicad_sym,UNCHANGED,9a3c70248880baf994d5dad880e7a6d1a6716f61cb3dcf262a68f35a770a4dbc,"imported from https://github.com/freeDSP/FreeDSP_ki-CAD_Libraries, symbol only (triple switching diode; no matching local footprint file)"
symbol,,symbols/analog/Isolator_Analog.kicad_sym,UNCHANGED,96b668b8b026f57ab084a88b0ae1532a74dbaf6311d328aad1d65525f29b743e,category=analog
symbol,,symbols/analog/Reference_Current.kicad_sym,UNCHANGED,62dd1b3c66024e6791b0b40c590665fa12c589d64a0c9074c6a6e27eedbf812e,category=analog
symbol,,symbols/analog/Reference_Voltage.kicad_sym,UNCHANGED,b0ec5f09481583789eb94a217358fb86e69486d22e0ce1b92ffcfacce14576fd,category=analog
symbol,,symbols/analog/Relay.kicad_sym,UNCHANGED,c645c3400329d9def357559fa2be08322abed1f090ca35455d699caa02d5ccff,category=analog
symbol,,symbols/analog/Relay_SolidState.kicad_sym,UNCHANGED,93553c233e58d7271a6ccfd9d3bcb43c2ae7db1a5252dd3e8022d0161a382abe,category=analog
symbol,,symbols/analog/Sensor.kicad_sym,UNCHANGED,21cffb35c9d985e30867eb63ce0f6a33b48d91063863494a6a7f69d25cdba074,category=analog
symbol,,symbols/analog/Sensor_Current.kicad_sym,UNCHANGED,ee6c756cda9df9d141bc62e6e90f896cf3c0371d489d28e4a75e126219cca5e0,category=analog
symbol,,symbols/analog/Sensor_Distance.kicad_sym,UNCHANGED,9584281ff98b9e8b0657ae62eaa4a1b8485d55fc348ee42066dab0f319b39575,category=analog
symbol,,symbols/analog/Sensor_Energy.kicad_sym,UNCHANGED,8b7561b720aad630a88019ff3c1a4ffd997ddb535c6d1223a3cfe61d3326008f,category=analog
symbol,,symbols/analog/Sensor_Gas.kicad_sym,UNCHANGED,16f80296acd1faaa054009e07d17d8950943fbca2b4418942ad24bbec6fb834b,category=analog
symbol,,symbols/analog/Sensor_Humidity.kicad_sym,UNCHANGED,0f77150dd0d74a82e11c757eded4d546d9ab34350ec00745cbbcfbd60a117917,category=analog
symbol,,symbols/analog/Sensor_Magnetic.kicad_sym,UNCHANGED,043d11a5d2a4bab4ac3a6e878c06158088ea1dbc15db0fef056b4148544ec1c0,category=analog
symbol,,symbols/analog/Sensor_Motion.kicad_sym,UNCHANGED,2282ccc1cfeca91e6e7861fce7e5d7fe33ed3a68e5d48fc626e807baf46b4c41,category=analog
symbol,,symbols/analog/Sensor_Optical.kicad_sym,UNCHANGED,f47fce01f66f34b62ec1393e0901109f847522e152d18d7ac693a592adea7e87,category=analog
symbol,,symbols/analog/Sensor_Pressure.kicad_sym,UNCHANGED,6fe8b2b647f81f559d9a0bb94a2da7833905807df86d1f123d8f5c5652a79e03,category=analog
symbol,,symbols/analog/Sensor_Proximity.kicad_sym,UNCHANGED,a0e90f48ae808f30b1c37e8f7df2223e82031c57e4fd785a79242c1c7cd8bc71,category=analog
symbol,,symbols/analog/Sensor_Temperature.kicad_sym,UNCHANGED,f90ea895bd3070f97819bf25758dd2596e9e555746c3a6d8731d7d45e1974391,category=analog
symbol,,symbols/analog/Sensor_Touch.kicad_sym,UNCHANGED,05e3c720161c64298633292f30cbe93b0ec6c887aa21d8c16515b3a546ecb0ec,category=analog
symbol,,symbols/analog/Sensor_Voltage.kicad_sym,UNCHANGED,a442fc69a4b2e7cdf334c5c7fa78f06690613882cfe27c4d93128bbb6b574ebe,category=analog
symbol,,symbols/analog/Switch.kicad_sym,UNCHANGED,369914c93a68e40e2ac22f35ee338043f26e84fa0407339f23fe8d9639433191,category=analog
symbol,,symbols/analog/Transistor_Array.kicad_sym,UNCHANGED,68dcc274ed6820f4e5595cb0a60d50a26958404b0144ebb85c7d394c354434ee,category=analog
symbol,,symbols/analog/Transistor_BJT.kicad_sym,UNCHANGED,d9eddcd341573b4468736fa81846fc20a65ed51f1990a36070f92430dc61801a,category=analog
symbol,,symbols/analog/Transistor_FET.kicad_sym,UNCHANGED,48f5f0391ea5e44f8fcd719e2d19d3be9761f1d70291ff1d4b72576cdb628d21,category=analog
symbol,,symbols/analog/Transistor_FET_Other.kicad_sym,UNCHANGED,f1349f77de8299faaa01f34e95d9e4e6d61b3a9fd916f93039f0e4593a95346b,category=analog
symbol,,symbols/analog/Transistor_IGBT.kicad_sym,UNCHANGED,6db2bbf4656c047797c47b7c48a54ee2490dcfac72ff61158f16ba91a2f4d019,category=analog
symbol,,symbols/analog/diode.kicad_sym,UNCHANGED,108219ff16cda5568ed7fbde04d1b647d4b2cf7a1659191ee9c2c5e318dc2fc2,"custom small diode/LED/zener library (D, LED, ZENER); case-insensitive-collided with the upstream official Diode.kicad_sym, which was renamed to Diode_Official.kicad_sym"
symbol,,symbols/audio/ADAU1467WBCPZ300RL.kicad_sym,UNCHANGED,9b15507adeae900dbe896bd0be4f363f2deef2b88abc91f41c5460fc1d223da5,"imported from https://github.com/freeDSP/FreeDSP_ki-CAD_Libraries (legacy .lib, converted via kicad-cli sym upgrade)"
symbol,,symbols/audio/AK5384.kicad_sym,UNCHANGED,b3718221c18c5a466e1e255c6789a58b990e74384ef03195774cccf5e19f17c4,"imported from https://github.com/freeDSP/FreeDSP_ki-CAD_Libraries, symbol only (extracted from fdsp_converter.lib; no matching local footprint file)"
symbol,,symbols/audio/Amplifier_Audio.kicad_sym,UNCHANGED,5b91dc209a67eddb6987810235945d0f9f3c56c4f667f11340771b11cb764cfc,category=audio
symbol,,symbols/audio/Audio.kicad_sym,UNCHANGED,de3460975fdaa4b4e08930bf385375c4ae9bcbe04a0c107a0d5d0e26f207f4aa,category=audio
symbol,,symbols/audio/CS8421-CZZ.kicad_sym,UNCHANGED,97bfef803dae82281ef29fc1c1cb5efeaffbb1e46fbe697557c93f65561f60bb,"imported from https://github.com/freeDSP/FreeDSP_ki-CAD_Libraries, symbol only (no matching local footprint file; Footprint property left as the bare upstream IPC name 'SOP65P640X110-20N', not yet linked to a library)"
symbol,,symbols/audio/Combo384.kicad_sym,UNCHANGED,8cd0a34b0a0d3e205abdb16c4c7cad4c2865056438af098bb7b3206f7591a607,"imported from https://github.com/freeDSP/FreeDSP_ki-CAD_Libraries (extracted from Combo384.lib, which also contained MW-1466CORE)"
symbol,,symbols/audio/Connector_Audio.kicad_sym,UNCHANGED,bb95bfecbc9bdf4499ec28881962e5ee5108ec7735cac6db7e00d2af7e915f3c,category=audio
symbol,,symbols/audio/DSP_AnalogDevices.kicad_sym,UNCHANGED,093703668c0b8259919670f4c36457f808f9f6c12d8afead7019084a297c8fb2,category=audio
symbol,,symbols/audio/DSP_Freescale.kicad_sym,UNCHANGED,e702171bd5231415247cb9e3d7cd3229c5825109387ff4c42f26e95052e31d6f,category=audio
symbol,,symbols/audio/DSP_Microchip_DSPIC33.kicad_sym,UNCHANGED,efcd9d8f30eb06903c2433c0a40cfd222c7baa1666d17c5c9e41441b09a61796,category=audio
symbol,,symbols/audio/DSP_Motorola.kicad_sym,UNCHANGED,02f6d60268806213331ca35b91ab43b0823b56d29a324bd6b1ef4b799c058d37,category=audio
symbol,,symbols/audio/DSP_Texas.kicad_sym,UNCHANGED,f68beafe655a2853b821a9c58980ddb42a3b08032afd6718f10191ce6fd90ffd,category=audio
symbol,,symbols/audio/LME49720MA.kicad_sym,UNCHANGED,2a2c2c8738a14d3dbbfab85024adfacf4a957a48874f1bbe8d3258fdc188ac7b,"imported from https://github.com/freeDSP/FreeDSP_ki-CAD_Libraries, symbol only; Footprint property repointed to the existing shared MIKILAB_ipc_soic:IPC_SOIC127P600X175-8N (exact IPC match already in this library, avoids duplicating the footprint)"
symbol,,symbols/audio/MW-1466CORE.kicad_sym,UNCHANGED,6ee1e158e000ae5619d7084c7041b1db4a73fbe0b84a7ff31b940e025854162f,imported from https://github.com/freeDSP/FreeDSP_ki-CAD_Libraries; FreeDSP's ADAU1466 SigmaDSP core module (extracted from Combo384.lib)
symbol,,symbols/audio/PCM1808QPWRQ1.kicad_sym,UNCHANGED,0e5aa8a504882af7941699ec61a5432c5ae049d2a1f5267d1ce41a48c17cb493,"imported from https://github.com/freeDSP/FreeDSP_ki-CAD_Libraries (legacy .lib, converted via kicad-cli sym upgrade)"
symbol,,symbols/audio/PCM1861DBT.kicad_sym,UNCHANGED,7ec6d4805a2c10d9348ab1ddbaf559fdaaf7875c039078ed4dc2d57d4ffb645d,"imported from https://github.com/freeDSP/FreeDSP_ki-CAD_Libraries, symbol only (no matching local footprint file; Footprint property left as bare upstream IPC name)"
symbol,,symbols/audio/PCM9211PTR.kicad_sym,UNCHANGED,04a3489abb5b082b15fb1d5f5cb8af61b2281f6e9870baa9287de78d03dd00b4,"imported from https://github.com/freeDSP/FreeDSP_ki-CAD_Libraries (legacy .lib, converted via kicad-cli sym upgrade)"
symbol,,symbols/audio/Sensor_Audio.kicad_sym,UNCHANGED,db449767efbe850008ea9e5cdc980b2a45ec5c579a1d912dc7846acde93282d3,category=audio
symbol,,symbols/audio/Si4684-A10-GM.kicad_sym,UNCHANGED,c5798a5f5b7b5d6d7ab46dfeac10706ec577000a273a60f2348b07900cfa6ec4,"extracted from unmerged/open kicad-symbols MR !4782 (https://gitlab.com/kicad/libraries/kicad-symbols/-/merge_requests/4782, cannot_be_merged, failing pipeline, needs v9 format upgrade); independently validated with kicad-cli before import (parses OK, 48 unique pins) and cross-checked against 2 independent sources (Skyworks public product summary block diagram, and manvalan/PE5PVB SI4684-DAB-Receiver's built/fabricated SI4684 symbol) -- all comparable pin names/numbers agree; symbol only, Footprint property references the standard Package_DFN_QFN library"
symbol,,symbols/display/Display_Character.kicad_sym,UNCHANGED,b3998eabbf4b26380b18ff115cab587e81afe3c14f282b6467e88e9caece9588,category=display
symbol,,symbols/display/Display_Graphic.kicad_sym,UNCHANGED,492a0236abdd340f04d6cdbf6011c7539da9302147833c9d6e3eedde52099c77,category=display
symbol,,symbols/display/Driver_Display.kicad_sym,UNCHANGED,158976d7a69718c53279afb0cd9a89c3f173d40847b5639b537a2c5ebb4d7b8d,category=display
symbol,,symbols/fpga_cpld/CPLD_Altera.kicad_sym,UNCHANGED,5bceaccb5d53ca5b8db154b9ad2919fa475023fae6c5fe90226b24d10d9ea648,category=fpga_cpld
symbol,,symbols/fpga_cpld/CPLD_Microchip.kicad_sym,UNCHANGED,1e7a8fd045d3e2bac36c41cc96f4d3768f946c71f90292da0b2eed85a2c0276d,category=fpga_cpld
symbol,,symbols/fpga_cpld/CPLD_Renesas.kicad_sym,UNCHANGED,f229342fbc322e136f6e836e39b8fce5abed60fc953fe383e300a9e981610033,category=fpga_cpld
symbol,,symbols/fpga_cpld/CPLD_Xilinx.kicad_sym,UNCHANGED,77b6e53e354f7083b495ac367d0e760a9a747bc6e6aa22563357b1da1283f29b,category=fpga_cpld
symbol,,symbols/fpga_cpld/FPGA_Efinix_Trion.kicad_sym,UNCHANGED,b3664454caa77ee3e0225f75b1a0dbc3cf75ce07346625fb6640a2c3013f1d40,category=fpga_cpld
symbol,,symbols/fpga_cpld/FPGA_Lattice.kicad_sym,UNCHANGED,7aecc5dfedeb180259040208289f1c1444a4aff0fd5f9b95643afe1676853b7d,category=fpga_cpld
symbol,,symbols/fpga_cpld/FPGA_Microsemi.kicad_sym,UNCHANGED,e8086b7c77469c16d9ee88592b86ff22ae77e2d01a82ec15b3539062d1aaee69,category=fpga_cpld
symbol,,symbols/fpga_cpld/FPGA_Xilinx.kicad_sym,UNCHANGED,d2523e9de137540140a0ed982cc9a62ab644e094dc4fd8513c4fae1afdc00649,category=fpga_cpld
symbol,,symbols/fpga_cpld/FPGA_Xilinx_Artix7.kicad_sym,UNCHANGED,142fa53d71c0d3f97b0205b49c0ea5b5a7c0819291a0ca19228c8c3afd9952f5,category=fpga_cpld
symbol,,symbols/fpga_cpld/FPGA_Xilinx_Kintex7.kicad_sym,UNCHANGED,0e943c9906d1d483e845c5061bdaa36efa5d35c30849089e4ec880d48af702f2,category=fpga_cpld
symbol,,symbols/fpga_cpld/FPGA_Xilinx_Spartan6.kicad_sym,UNCHANGED,5103dbffc2302d9744ca5315c34e4581973a8d94a465cc548a3d89f9128e950a,category=fpga_cpld
symbol,,symbols/fpga_cpld/FPGA_Xilinx_Virtex5.kicad_sym,UNCHANGED,90d15f06fb03f6a4165d6fd6fdedbac55ee68625263a6963e63c236b43e03954,category=fpga_cpld
symbol,,symbols/fpga_cpld/FPGA_Xilinx_Virtex6.kicad_sym,UNCHANGED,78b519631b7fde3e38673e773f13f557526a41d23610ba1aa9509d52258abf25,category=fpga_cpld
symbol,,symbols/fpga_cpld/FPGA_Xilinx_Virtex7.kicad_sym,UNCHANGED,d450b4bba8dc603320608e2c9e26f37eba2586dfd46630e51e379facb9a055a9,category=fpga_cpld
symbol,,symbols/fpga_cpld/lattice.kicad_sym,UNCHANGED,6ac449916c98d385dc4d6bba77d5d888caea8f130c08dac1227f123c4a4ea346,category=fpga_cpld
symbol,,symbols/interface/Connector.kicad_sym,UNCHANGED,d3c305337940d2048a7281674c3976ac6d7f2d5cce9b4065d835e007aac5826c,category=interface
symbol,,symbols/interface/Connector_Generic.kicad_sym,UNCHANGED,9fbb70b9dcdb4121384821b18901229300c0cc64f19b26c43e4f7d384609b709,category=interface
symbol,,symbols/interface/Connector_Generic_MountingPin.kicad_sym,UNCHANGED,fd2f2bd078e4e9bd78a5a7d066ff3ab37c23a3a8cd965eef2bd24b7f759986ce,category=interface
symbol,,symbols/interface/Connector_Generic_Shielded.kicad_sym,UNCHANGED,a21e68d4475aaec10f9d9ced1e4340b858643f1acf709c6576ab064267c1a0ae,category=interface
symbol,,symbols/interface/Simulation_SPICE.kicad_sym,UNCHANGED,2863c7e38278aa652a63203708264f91b5601d40fe0da9fe580fdc81f6d0e0b8,category=interface
symbol,,symbols/logic/4xxx.kicad_sym,UNCHANGED,1a80a8f5bb4b2700c9059f6e48ce2b204cb104f9f46af69fd1e2710d3b906f8b,category=logic
symbol,,symbols/logic/4xxx_IEEE.kicad_sym,UNCHANGED,36e9703c32c0652221921be81f50c6e00871aa9f6847aa938093ae3e463f6b64,category=logic
symbol,,symbols/logic/74xx.kicad_sym,UNCHANGED,fa21e4d0266a61ffca2d695f3350c683e7b55b3839d770328e1a6abc3212892a,category=logic
symbol,,symbols/logic/74xx_IEEE.kicad_sym,UNCHANGED,cb49e5ff2ac90eb07e741cc0468fd99cab5d76413faadc749bef5f6ec03cdd28,category=logic
symbol,,symbols/logic/Amplifier_Buffer.kicad_sym,UNCHANGED,9db0f30ca2da0ecf63aff3bb357f0c0c6bb2f4496f4283df13a55149ca90f961,category=logic
symbol,,symbols/logic/Buffer.kicad_sym,UNCHANGED,73b0c924b89fc0d7711d2cdd982d74f91eb1c5835d0f84bd108dab8428c06f1f,category=logic
symbol,,symbols/logic/Comparator.kicad_sym,UNCHANGED,79c68b16ff7e82e115c81d8e2aafd4345ae18ef60c9ce22f30528524a85de016,category=logic
symbol,,symbols/logic/FPGA_CologneChip_GateMate.kicad_sym,UNCHANGED,32259c6bc09bd35cbb3c8bf818f66a23fe625d8773df56a2851ad6471bf5364c,category=logic
symbol,,symbols/logic/Logic_LevelTranslator.kicad_sym,UNCHANGED,6f6a9a5512aefe12c1d09fd664dcfc230221e18203d418f3a7f4faae4d3518bc,category=logic
symbol,,symbols/logic/Logic_Programmable.kicad_sym,UNCHANGED,63dfa26541fe8290d66a8c83fff832daee91e11d4cad4651417e39a9b28b31f0,category=logic
symbol,,symbols/logic/Timer.kicad_sym,UNCHANGED,2fc120013f19229b19223113cae303a1b8f2b93d9f42cb50e7fc87b4d89d78f4,category=logic
symbol,,symbols/logic/Timer_PLL.kicad_sym,UNCHANGED,3b4e59c386ee9676f0065b5b1beca5c3a95411f551d5c7d9437e9d8183e32710,category=logic
symbol,,symbols/logic/Timer_RTC.kicad_sym,UNCHANGED,2afd088efaf380f0a3b57f882393da64c5976b2435203f2f64e78c7cb4a3d6f6,category=logic
symbol,,symbols/mechanical/Jumper.kicad_sym,UNCHANGED,f2fdc83abc164c28c2244d868d43d74907d383104f68dd4a85453ab91eb9d1dd,category=mechanical
symbol,,symbols/mechanical/Mechanical.kicad_sym,UNCHANGED,0f153c269eaf4e56ab8fe985b05e7f0ec70f0d365dcfd03bd596791482c8a7d8,category=mechanical
symbol,,symbols/memory/Memory_EEPROM.kicad_sym,UNCHANGED,e1f55bc632e2ad3c336f74a9c06e169f9ebebbdd61f11dee394ffb81b5642676,category=memory
symbol,,symbols/memory/Memory_EPROM.kicad_sym,UNCHANGED,06a56f47ebe605134543e12b4a7b3f1c8ab315ca9ab3f6b941b182705e1ca459,category=memory
symbol,,symbols/memory/Memory_Flash.kicad_sym,UNCHANGED,73f7c8f62feadcb70cced6bfeb51d0389439072553fd883424732ff8aed2df07,category=memory
symbol,,symbols/memory/Memory_NVRAM.kicad_sym,UNCHANGED,2116a3b1caec0f3a88200a46cd864d648b8ea6347397f2c584eaf145e3edb37b,category=memory
symbol,,symbols/memory/Memory_RAM.kicad_sym,UNCHANGED,9060748e196a82a2ae6e5d32d92dd987c8c0d3288855a08d2e94150d1c5a60fd,category=memory
symbol,,symbols/memory/Memory_ROM.kicad_sym,UNCHANGED,d9e490c4820d7e9badab99bafb0c72d8786f4dd75c1ae9cd6e2da56621ffc2c2,category=memory
symbol,,symbols/memory/Memory_UniqueID.kicad_sym,UNCHANGED,b1e70de14e638b740de42a59310fb2d7ac6ba9505b116a43e1e1b9e0e39998fd,category=memory
symbol,,symbols/microcontrollers/CPU.kicad_sym,UNCHANGED,0925966ff558382e47dc3b3cf7797b318c74716c3c75fdf8caf874188eedc75b,category=microcontrollers
symbol,,symbols/microcontrollers/CPU_NXP_6800.kicad_sym,UNCHANGED,e5d69b4a12b8051285c36de494a834277404340185a6b20cb79c41ceee15fb6b,category=microcontrollers
symbol,,symbols/microcontrollers/CPU_NXP_68000.kicad_sym,UNCHANGED,31c9dc8245ca9cbd4b649a50bd39e0be97cee269b17a0bcc553b8e03c986f8dc,category=microcontrollers
symbol,,symbols/microcontrollers/CPU_NXP_IMX.kicad_sym,UNCHANGED,24a219dc54abe961271ff597050e46f466c56bd92cf3b2edf54fcd90c66f6e4c,category=microcontrollers
symbol,,symbols/microcontrollers/CPU_PowerPC.kicad_sym,UNCHANGED,061cb04687f32f63f8110c43b22c58a550e54f6b2f3772632ec78d8484bfddd4,category=microcontrollers
symbol,,symbols/microcontrollers/ESP32-C3-MINI-1.kicad_sym,UNCHANGED,f9dae0b74fd61c9ba6a2296650569a5b81600524d779838735672a657c62c80e,imported from https://github.com/espressif/kicad-libraries
symbol,,symbols/microcontrollers/ESP32-C3-WROOM-02.kicad_sym,UNCHANGED,48a615170f9e755089b8d2a1c4021e571ee7e2b4744760d2737b16d40a0c08f2,imported from https://github.com/espressif/kicad-libraries
symbol,,symbols/microcontrollers/ESP32-C5-WROOM-1.kicad_sym,UNCHANGED,0c0a38f626cd0b8b2c8166efc9633a97bc874e4e97e1a4fb249ab06348bfb9d6,imported from https://github.com/espressif/kicad-libraries
symbol,,symbols/microcontrollers/ESP32-C5-WROOM-1U.kicad_sym,UNCHANGED,dcf17954147a5bf925ee1a77854908eba860811987e5ab95af023e38355e8795,imported from https://github.com/espressif/kicad-libraries
symbol,,symbols/microcontrollers/ESP32-C6-MINI-1_U.kicad_sym,UNCHANGED,7c2414d270d414e8d9363cf0b250af72911430ef1dc0055cc0f1dd51430ef66d,imported from https://github.com/espressif/kicad-libraries
symbol,,symbols/microcontrollers/ESP32-C6-WROOM-1.kicad_sym,UNCHANGED,0c59f8f4951012f530c40be86e86c59fe0f1b45ead00ae79eb722e92dfb641b6,imported from https://github.com/espressif/kicad-libraries
symbol,,symbols/microcontrollers/ESP32-H2-MINI-1.kicad_sym,UNCHANGED,b9d2d3148249c3757843225bddf02dfffeca7f5459db3f449ae229dfcc8feb0a,imported from https://github.com/espressif/kicad-libraries
symbol,,symbols/microcontrollers/ESP32-MINI-1.kicad_sym,UNCHANGED,7a8c12b92cdf86b6653bb63f4150b6f412d56f6a09a1140536508e91d254113b,imported from https://github.com/espressif/kicad-libraries
symbol,,symbols/microcontrollers/ESP32-S2-MINI-1.kicad_sym,UNCHANGED,5d0899a68fd0e6b8b25e960a7d15f6287dbad62478328d30ce6fd958e4de583e,imported from https://github.com/espressif/kicad-libraries
symbol,,symbols/microcontrollers/ESP32-S2-SOLO.kicad_sym,UNCHANGED,389d7d59136e06961dbd651aab3811ad9668818db05a76b5940bddcd4c4ec715,imported from https://github.com/espressif/kicad-libraries
symbol,,symbols/microcontrollers/ESP32-S2-WROOM.kicad_sym,UNCHANGED,d0138698214e041d42b1de9186a6d0a5bebefb7c2da9613a38ae9e2c6f4d5e7f,imported from https://github.com/espressif/kicad-libraries
symbol,,symbols/microcontrollers/ESP32-S2-WROVER.kicad_sym,UNCHANGED,0af87caa95538913305706479427c8660a0d6fd415cc79b0e09e3e4af58d15ef,imported from https://github.com/espressif/kicad-libraries
symbol,,symbols/microcontrollers/ESP32-S3-MINI-1.kicad_sym,UNCHANGED,f61071db4d9583c303e70c207711ca48bd78efb7bca1dd72deaffcee3b905890,imported from https://github.com/espressif/kicad-libraries
symbol,,symbols/microcontrollers/ESP32-S3-WROOM-1.kicad_sym,UNCHANGED,af9a3f95ca0b8dc038cd9fc7e9a11e2db8a58aa3e56e3b252825018b48af83ee,imported from https://github.com/espressif/kicad-libraries
symbol,,symbols/microcontrollers/ESP32-S3-WROOM-2.kicad_sym,UNCHANGED,4ad67d9349c7e3eca47155e4fb5e0387bba595907a6fda0b8e54bdcdbf2e35bc,imported from https://github.com/espressif/kicad-libraries
symbol,,symbols/microcontrollers/ESP32-S31-WROOM-3.kicad_sym,UNCHANGED,137a84b77d6e662d7fe04416df16b96a9d95b819fcdfe29d0b0dc160ccc04ed5,REPLACED an earlier easyeda2kicad.py export (which had a fatal unquoted-URL parser bug) with the official symbol from https://github.com/espressif/kicad-libraries
symbol,,symbols/microcontrollers/ESP32-WROOM-E.kicad_sym,UNCHANGED,0db3387e7f41557e961f068c57b49029bda7cb3b5eed0977883c0021ef10b727,imported from https://github.com/espressif/kicad-libraries
symbol,,symbols/microcontrollers/ESP32-WROVER-E.kicad_sym,UNCHANGED,ce6c086073fa5ab8f2b8f319fbf20049bc965c645d7cdf81db81aa5e7d7b5372,imported from https://github.com/espressif/kicad-libraries
symbol,,symbols/microcontrollers/ESP8684-WROOM-02C_U.kicad_sym,UNCHANGED,e5babfac7545feb6e9c23718b60b2afea71202ec17b0e97a0a6cef33d2d1de54,imported from https://github.com/espressif/kicad-libraries
symbol,,symbols/microcontrollers/MCU_AnalogDevices.kicad_sym,UNCHANGED,eceed6c63ac3ba85e86e92120e4a5416bbbbe0f43a90e9b64ec72d65fa390824,category=microcontrollers
symbol,,symbols/microcontrollers/MCU_Cypress.kicad_sym,UNCHANGED,a73fa1c41113e74076ec6b66c7c6a952f0a329898d790a8f0991d62811d0bab3,category=microcontrollers
symbol,,symbols/microcontrollers/MCU_Dialog.kicad_sym,UNCHANGED,3cdaf019ecf51b423fbe9c211346b2769d6e7d4b00c0c543b1bb8298d477a7e4,category=microcontrollers
symbol,,symbols/microcontrollers/MCU_Espressif.kicad_sym,UNCHANGED,14c7a24cccbc1d5cb2d15777f39d58f8dac912e2d64d4c34662e989b96c76f4a,category=microcontrollers
symbol,,symbols/microcontrollers/MCU_Intel.kicad_sym,UNCHANGED,ac0c5290988b72806517d4536855f3562b471aca93bed2a0783fd4c0363d22dc,category=microcontrollers
symbol,,symbols/microcontrollers/MCU_Microchip_8051.kicad_sym,UNCHANGED,4ee163e6e4f33e9d279607b4e03a54adc70edd99777ed207e4889b6556356250,category=microcontrollers
symbol,,symbols/microcontrollers/MCU_Microchip_ATmega.kicad_sym,UNCHANGED,fd645e5740ec79d8db777fababac5cf13e84fa0dd971f81d6e1217dff8ea8161,category=microcontrollers
symbol,,symbols/microcontrollers/MCU_Microchip_ATtiny.kicad_sym,UNCHANGED,598100338930fda0b13114b6c53e542b1d1a55d3c543c8ca1243b70fff35f30c,category=microcontrollers
symbol,,symbols/microcontrollers/MCU_Microchip_AVR.kicad_sym,UNCHANGED,f485efa2953021b347a1cf22586eb790c2c7086df0caeaf0a7140f79f0ba285e,category=microcontrollers
symbol,,symbols/microcontrollers/MCU_Microchip_AVR_Dx.kicad_sym,UNCHANGED,d6efcd859a2832f1181aefbd5ac542462713a79fe47e495702ebaa2bb46bb391,category=microcontrollers
symbol,,symbols/microcontrollers/MCU_Microchip_PIC10.kicad_sym,UNCHANGED,f66bf69f0c39c4ef112cd1eed1ae455b37803d9ade00c877d0ffee1a8c0e4268,category=microcontrollers
symbol,,symbols/microcontrollers/MCU_Microchip_PIC12.kicad_sym,UNCHANGED,164d3a7aa847c5723b6020d226b2abfa172da397d6612121b7d7bca1c894a92b,category=microcontrollers
symbol,,symbols/microcontrollers/MCU_Microchip_PIC16.kicad_sym,UNCHANGED,e997eab31b77de61b70fc6f97a37ac57261f0105433aa10974837c11b1608597,category=microcontrollers
symbol,,symbols/microcontrollers/MCU_Microchip_PIC18.kicad_sym,UNCHANGED,9e7a3a810e1e3d32e1b1ad46f4eaf33c6e6daf9e0bdc8c8713088f5a9e6ad2c1,category=microcontrollers
symbol,,symbols/microcontrollers/MCU_Microchip_PIC24.kicad_sym,UNCHANGED,0f28846397f2fa77e6f7c975d1fbe2ce3c11e5226b986653a36d5a85c2c2516d,category=microcontrollers
symbol,,symbols/microcontrollers/MCU_Microchip_PIC32.kicad_sym,UNCHANGED,733e17ecc7f8d609b06afb2812cccc84fdaebc9f62a98f15e794957ea133dd1d,category=microcontrollers
symbol,,symbols/microcontrollers/MCU_Microchip_SAMA.kicad_sym,UNCHANGED,28c7ac57ef4ba1ec7d48c20b23f91170a113f9d863b74366249c3bbbdc020f54,category=microcontrollers
symbol,,symbols/microcontrollers/MCU_Microchip_SAMD.kicad_sym,UNCHANGED,dcd13c3ae61a5912a52e3b16f22a13ee699451b4d0dcf6119a54c51a1eada264,category=microcontrollers
symbol,,symbols/microcontrollers/MCU_Microchip_SAME.kicad_sym,UNCHANGED,1be20cf6540fc930da164aba111e89d5d30af6f9cb586f67b770d023d401b1c7,category=microcontrollers
symbol,,symbols/microcontrollers/MCU_Microchip_SAML.kicad_sym,UNCHANGED,c7dad1df33fe6f38fd133a2728db76e7c52a770cce8e4daaa87aafc5b6792093,category=microcontrollers
symbol,,symbols/microcontrollers/MCU_Microchip_SAMV.kicad_sym,UNCHANGED,b7f3404aa88880aae956486fe32cb9761033e7e60ca9fd6df89ea18ed16a4125,category=microcontrollers
symbol,,symbols/microcontrollers/MCU_Module.kicad_sym,UNCHANGED,b04a66dc0474012e67ab704c8a150bb2e3e42d3d8a0527e750a78427a89d0527,category=microcontrollers
symbol,,symbols/microcontrollers/MCU_NXP_ColdFire.kicad_sym,UNCHANGED,d90233674c4ac63a344ac96fc3227eab9076393850237a85688b0bf93c869f19,category=microcontrollers
symbol,,symbols/microcontrollers/MCU_NXP_HC11.kicad_sym,UNCHANGED,3d6fd2f78ffd52df2fa9cd0dec8777afc091fb80f1e438da0ac7e048a4f059ea,category=microcontrollers
symbol,,symbols/microcontrollers/MCU_NXP_HC12.kicad_sym,UNCHANGED,e460143ff2d9fc66672d41879e8d1704a75671d0b72ba9c9163aa49eba262ba3,category=microcontrollers
symbol,,symbols/microcontrollers/MCU_NXP_HCS12.kicad_sym,UNCHANGED,7e757cba4c43dd82a31c5806e2f890b2c2739465fbd09eea563f4cb8fdc3734e,category=microcontrollers
symbol,,symbols/microcontrollers/MCU_NXP_Kinetis.kicad_sym,UNCHANGED,a132825c62270f4dea83935167f9f5d38f8817b4626d01c7a730acc997aee9a6,category=microcontrollers
symbol,,symbols/microcontrollers/MCU_NXP_LPC.kicad_sym,UNCHANGED,a815fb0bb6de3ce93380fa09bcc7f641aefc23ab7075025e0e0343881834449b,category=microcontrollers
symbol,,symbols/microcontrollers/MCU_NXP_MAC7100.kicad_sym,UNCHANGED,86dc0d1dfd3a8e21382c0dd9c7eb017687e49d919b52e3f4c3ed3dfc49fbfddf,category=microcontrollers
symbol,,symbols/microcontrollers/MCU_NXP_MCore.kicad_sym,UNCHANGED,7914591f0c63948a9ccd96263c250a6658953f74c30be91493493922423d6c4e,category=microcontrollers
symbol,,symbols/microcontrollers/MCU_NXP_NTAG.kicad_sym,UNCHANGED,db55c3bc14f7a0d3360772498740b214ed3344dd9e05fca9f1b14ba578097c54,category=microcontrollers
symbol,,symbols/microcontrollers/MCU_NXP_S08.kicad_sym,UNCHANGED,6811ee56861590bbfb6d00e27af89e21ff19fda278c86139b9bddf74b1ef648b,category=microcontrollers
symbol,,symbols/microcontrollers/MCU_Nordic.kicad_sym,UNCHANGED,30866c74214e288f9d105b5f8cb2759f9b1c5d5ae959c7e7e28508c029acd871,category=microcontrollers
symbol,,symbols/microcontrollers/MCU_Parallax.kicad_sym,UNCHANGED,2eb4ab67268c8396d9d70f3720ca861cd14a66da3bd896e28de8b5d307e4da01,category=microcontrollers
symbol,,symbols/microcontrollers/MCU_RaspberryPi.kicad_sym,UNCHANGED,14bfc4d8130feba4c204c5fed75468a913b6f68a36539f0d34c1300cfb5cc75e,category=microcontrollers
symbol,,symbols/microcontrollers/MCU_Renesas_Synergy_S1.kicad_sym,UNCHANGED,abc769410227ebb492f0104ee2635d2a9c2a3e188b1b53a9aeed4bc2833849d3,category=microcontrollers
symbol,,symbols/microcontrollers/MCU_STC.kicad_sym,UNCHANGED,91a0cfa798212b06002c9538eba49887e88277e0a6d5fa1a2c7529da71aad308,category=microcontrollers
symbol,,symbols/microcontrollers/MCU_ST_STM32C0.kicad_sym,UNCHANGED,44094460c36f7c05d94e2d8d7ae4cfa73b8cba42a9b8fc7699343bffcfc46224,category=microcontrollers
symbol,,symbols/microcontrollers/MCU_ST_STM32F0.kicad_sym,UNCHANGED,414527b4fd107a9b74e352b0e8c612939c7158be95ae133dc1d411f9bdaa7357,category=microcontrollers
symbol,,symbols/microcontrollers/MCU_ST_STM32F1.kicad_sym,UNCHANGED,c83d1eb0f7d88869241a94321505f93315b442b480bd417be5f9526e741247a6,category=microcontrollers
symbol,,symbols/microcontrollers/MCU_ST_STM32F2.kicad_sym,UNCHANGED,2fa19546097bff8240f1d92fb038ff5dc11c6913042c8f21f6005c3dcfdc1654,category=microcontrollers
symbol,,symbols/microcontrollers/MCU_ST_STM32F3.kicad_sym,UNCHANGED,d1d8514aff4b82d2516967824d5e282a76f4a77e3a9cde3320060e0bfb3bc6fa,category=microcontrollers
symbol,,symbols/microcontrollers/MCU_ST_STM32F4.kicad_sym,UNCHANGED,59817cfb1faf56dc51c30f5c5532be85b386f54af6394b8226d84f1af23f8ea9,category=microcontrollers
symbol,,symbols/microcontrollers/MCU_ST_STM32F7.kicad_sym,UNCHANGED,3a0089e9621a016c9e5e0da1eab7b685740215a698f9e2a8783b5a5e7a9a0843,category=microcontrollers
symbol,,symbols/microcontrollers/MCU_ST_STM32G0.kicad_sym,UNCHANGED,e7dd777b4ce627c7605c3d446b2444a895c3e11af3dd0bd65ac9cf4542747414,category=microcontrollers
symbol,,symbols/microcontrollers/MCU_ST_STM32G4.kicad_sym,UNCHANGED,012873cbe844ab27e6436dd2728758d4d0b2cc1f6a1404cb50379245e540bfec,category=microcontrollers
symbol,,symbols/microcontrollers/MCU_ST_STM32H5.kicad_sym,UNCHANGED,a7e4f13de9ae87be7bb8afb52a5343fb0a33aeae8d813b47b43696a0af71f39c,category=microcontrollers
symbol,,symbols/microcontrollers/MCU_ST_STM32H7.kicad_sym,UNCHANGED,599b094e31681860805709c27a12214f55dbc711fd4c33ff0e86850a9394a477,category=microcontrollers
symbol,,symbols/microcontrollers/MCU_ST_STM32L0.kicad_sym,UNCHANGED,bd4c2ca8690b3347d84912dcdd39e8788e6621fdd339f5e4a46f01097f5edba7,category=microcontrollers
symbol,,symbols/microcontrollers/MCU_ST_STM32L1.kicad_sym,UNCHANGED,70f31d982008bbc273f7e4637ff1228aa26f11edecc22bd3ffefda9d68d16f2f,category=microcontrollers
symbol,,symbols/microcontrollers/MCU_ST_STM32L4.kicad_sym,UNCHANGED,ee93a29c561b200060b90136c44767a32bddf877b5df38c571c515ab9cc73ea0,category=microcontrollers
symbol,,symbols/microcontrollers/MCU_ST_STM32L5.kicad_sym,UNCHANGED,caebe18db9ed82db7eba7268f65858bead71ab75afa70527834319e3ffaa0f4a,category=microcontrollers
symbol,,symbols/microcontrollers/MCU_ST_STM32MP1.kicad_sym,UNCHANGED,ec5a508bfd40f9a9f00bd9e5ce1c34a624dea068ee889ba9bbbf07a857b6b8c5,category=microcontrollers
symbol,,symbols/microcontrollers/MCU_ST_STM32U0.kicad_sym,UNCHANGED,7c25daa48e02e8a88039753e49bc9f668c58e8764a7430feae6cc79f06414469,category=microcontrollers
symbol,,symbols/microcontrollers/MCU_ST_STM32U5.kicad_sym,UNCHANGED,6a29209e7e291e1d74c86b5e96aabcff51637af1f45bfd4ecfedaba08ce841e1,category=microcontrollers
symbol,,symbols/microcontrollers/MCU_ST_STM32WB.kicad_sym,UNCHANGED,fb10d05f91b279b950253f4e18c7a1265386cf05a327ed4690444aaf7f05dcd4,category=microcontrollers
symbol,,symbols/microcontrollers/MCU_ST_STM32WL.kicad_sym,UNCHANGED,362ec0921559440b681a181ba3f21697d001affdfee81cea77d96c1de3c2e0c5,category=microcontrollers
symbol,,symbols/microcontrollers/MCU_ST_STM8.kicad_sym,UNCHANGED,a5f3316a5bb15a65e4ce68df6337042753c20947c40854d8e8750dbc6584bcae,category=microcontrollers
symbol,,symbols/microcontrollers/MCU_SiFive.kicad_sym,UNCHANGED,863c58ba6788ef08f4a1cceabe9d7653a43c69d0beeb92acb8c32b6aa750d034,category=microcontrollers
symbol,,symbols/microcontrollers/MCU_SiliconLabs.kicad_sym,UNCHANGED,d85ab7147b0bb5172e9d21d97cbffb4e096d35483ca92b2086d36f28e1f73b6c,category=microcontrollers
symbol,,symbols/microcontrollers/MCU_Texas.kicad_sym,UNCHANGED,4c4478771d4eb42efdaf7cd5966af50799a4bc711a87f0818b59a7cd67984703,category=microcontrollers
symbol,,symbols/microcontrollers/MCU_Texas_MSP430.kicad_sym,UNCHANGED,c4b38078de2a9e0cd0973321bf5a4b81b09a09eab58e009021fce72549392989,category=microcontrollers
symbol,,symbols/microcontrollers/MCU_Texas_SimpleLink.kicad_sym,UNCHANGED,c4df7071133c75e5256e9d3f8c5e1fa8a08b43bd41ad14e57baed0a1a98ba414,category=microcontrollers
symbol,,symbols/microcontrollers/MCU_WCH_CH32V0.kicad_sym,UNCHANGED,45dcdda7ea79209e2ba655c1fd7cdb8c5e4b14638dc59667f55983d3ccadd734,category=microcontrollers
symbol,,symbols/microcontrollers/MCU_WCH_CH32V2.kicad_sym,UNCHANGED,408ba1b61b4c40c0be5ab3582dee51b1c9a123e0cc8eb86b0c73632c74dcb454,category=microcontrollers
symbol,,symbols/microcontrollers/MCU_WCH_CH32V3.kicad_sym,UNCHANGED,c85221157d92782d7cb975b7c0bf9cc5bee5f41724200e73c2f9900e6c6ff487,category=microcontrollers
symbol,,symbols/other/74xGxx.kicad_sym,UNCHANGED,0dd6f82d04b470fba4f6430dcbb2db12beca539a00eaafb1861eff671445175d,category=other
symbol,,symbols/other/Amplifier_Current.kicad_sym,UNCHANGED,f21230096f09b5205a3c44d2848204471834d76b0111c442af52ed3858ef164e,category=other
symbol,,symbols/other/Amplifier_Difference.kicad_sym,UNCHANGED,16e109e42b7be1bc763fcb7cfe641ed1375f9fd8ec9c876b63eedff5cb3c9210,category=other
symbol,,symbols/other/Amplifier_Instrumentation.kicad_sym,UNCHANGED,308a6fa9049c9f08c8349a13d2c1e3d627ff86091338212358efea7784d1295e,category=other
symbol,,symbols/other/Amplifier_Video.kicad_sym,UNCHANGED,308ada82f096ce8c787295903387e23c6ae342d6cc2f4823b8c50fa539adc576,category=other
symbol,,symbols/other/Device.kicad_sym,UNCHANGED,7503ada06c4fa226c51fd81f7069aa5b19233d0e44fbf71e93cd0776849ec142,category=other
symbol,,symbols/other/Driver_Haptic.kicad_sym,UNCHANGED,b56938db1c8eb167537ea45a1c214f925b89bf16106165e9eda2058b4b6c67d9,category=other
symbol,,symbols/other/Driver_LED.kicad_sym,UNCHANGED,673f780643ecf39dcf932486b4b0d68e5a6d4577ece5afca92d056454c9f0434,category=other
symbol,,symbols/other/Driver_Motor.kicad_sym,UNCHANGED,a2325796045bbbe65c04d8d2c0093203e924b3140b846115bdefd5ec184850ca,category=other
symbol,,symbols/other/Driver_TEC.kicad_sym,UNCHANGED,742a02d1ca90a102e8442761ce66196a810ff9690007ca6b13dfe227566732b4,category=other
symbol,,symbols/other/Fiber_Optic.kicad_sym,UNCHANGED,3b1fe51cd21ba7b6e069149ab32353800b6e156813a7496d39a69e17224801b7,category=other
symbol,,symbols/other/GPU.kicad_sym,UNCHANGED,d437f388628f2ed19f93377541508e083342a8de3b98b14d04c9f22f1d8ee39b,category=other
symbol,,symbols/other/Graphic.kicad_sym,UNCHANGED,43c52fdf860c258f20c7343c5f1fea6ea9ca7cd8b25c6a1051dce7f33b0c8db5,category=other
symbol,,symbols/other/Isolator.kicad_sym,UNCHANGED,d2afa6c9c3e4177c3b7f5688d05527f4c6a48120e6d40fa1e5176b5ac4be2b75,category=other
symbol,,symbols/other/LED.kicad_sym,UNCHANGED,97416c97583dfd2c95cbde7d0fdef86b11cd5f179051c4632aeb1632f355fba9,category=other
symbol,,symbols/other/Motor.kicad_sym,UNCHANGED,88a25af7dc0a6dfb73aad68645bd6772fa3dfc1923e9dde00267c53d3f102fcd,category=other
symbol,,symbols/other/Oscillator.kicad_sym,UNCHANGED,8abf0ba2d7d88f172b55e828aa6983ac0e8fd5a683e263b935ac33209202437a,category=other
symbol,,symbols/other/Potentiometer_Digital.kicad_sym,UNCHANGED,79275c3d423707b104dde213514efb1643730b59ef479c7e5f852709f27fe33b,category=other
symbol,,symbols/other/Security.kicad_sym,UNCHANGED,6ef47fb6253b0516f9de5c414bd5943a4a93f335a6fc32b4a6c165fef1742db5,category=other
symbol,,symbols/other/TPS63020DSJT.kicad_sym,UNCHANGED,8eee505e3537c121039465dffd27811e022aac89024d2e91f3bd308b64cb9afc,category=other
symbol,,symbols/other/Transformer.kicad_sym,UNCHANGED,7c36a8d493f0ca5e1c20a16884ec374d2806d5e58dbc2e52d9047f594b0c5570,category=other
symbol,,symbols/other/Triac_Thyristor.kicad_sym,UNCHANGED,1d00acf9dd27ac1745247980154e4132a901ee6ae37436cbced3c9009ac49d04,category=other
symbol,,symbols/other/Valve.kicad_sym,UNCHANGED,a31e56a9885db4bfc581e694f13213effcca0f7047e4a108836a1b5b3f6daffa,category=other
symbol,,symbols/other/Video.kicad_sym,UNCHANGED,6a6b96de4a0f7150fad30f6eb4c5bcc11334a0735786008ca6d3ee63906f77c8,category=other
symbol,,symbols/other/ti.kicad_sym,UNCHANGED,3c5f8f72ee94e9caeaf03aeb5520031b192e83b8da7ce11ebeb3a8fcc3415fbf,category=other
symbol,,symbols/power/Battery_Management.kicad_sym,UNCHANGED,27cc7c9f1e2c216198f059d9292721bb297869c5b7e0a472c200cdac1c967ace,category=power
symbol,,symbols/power/Converter_ACDC.kicad_sym,UNCHANGED,f275ee77c57a62b4fdb8364217b446834be4fa5801394daa84c905771b7b5d5f,category=power
symbol,,symbols/power/Converter_DCDC.kicad_sym,UNCHANGED,46d497f63a8cf1e72f0a1271856d1018af88346ed39aacfaa1ee8fe736e93f2e,category=power
symbol,,symbols/power/Power_Management.kicad_sym,UNCHANGED,95f3f201c0c2415c13f6e451d6c54abb2deaecc9ed579316e5f275e9d8c4fe16,category=power
symbol,,symbols/power/Power_Protection.kicad_sym,UNCHANGED,5e66b54cd448790f102368f4e9be6f204c19455e73eb272c4ae0744aa08ce8bb,category=power
symbol,,symbols/power/Power_Supervisor.kicad_sym,UNCHANGED,9a6bd1ab7af021524cd64deb994e256a2ab8104238c57c3a540abb164a39a6b2,category=power
symbol,,symbols/power/Regulator_Controller.kicad_sym,UNCHANGED,0cf8723329bd30cc6c40bb10ca2b8f070b7c7b4b9189192dd03ce4c62f00ffcc,category=power
symbol,,symbols/power/Regulator_Current.kicad_sym,UNCHANGED,42e1fdcbfcad5ab24ed04fc5716d8ce2f7fcb2a6f1e86c7364845c0faa64611d,category=power
symbol,,symbols/power/Regulator_Linear.kicad_sym,UNCHANGED,903cccb64756ca65a8ef9af8317135b1b0cf26c159a9dad3504ffbd96f27374c,category=power
symbol,,symbols/power/Regulator_SwitchedCapacitor.kicad_sym,UNCHANGED,04236fb0bdbc7915a72e403eceb6ab3143c8bc4b1f93b42b25e0cf86aa3998e5,category=power
symbol,,symbols/power/Regulator_Switching.kicad_sym,UNCHANGED,e88b8b88729053dc8435993c77dac82afe7ee881b1da0b65fd20fa21fb629a9d,category=power
symbol,,symbols/power/TPS7A2012PDBVR.kicad_sym,UNCHANGED,4e3b8deb13f907ec05495fe5988e806e2458b3acf557fd3d5ace04071d0ed777,category=power
symbol,,symbols/power/TPS7A2018PDBVR.kicad_sym,UNCHANGED,564f08ab9d9c3f65e3577746e9e9a2700eaf5fba98b56902b1183135ca8cd635,category=power
symbol,,symbols/power/Transistor_Power_Module.kicad_sym,UNCHANGED,6af304e628b3c314b6a6bbfc73aead32efb62dbb8d621a489ce02025efb3e12f,category=power
symbol,,symbols/power/power.kicad_sym,UNCHANGED,e56d8bf205f7927dbbd1b309a9d12a706e30a33c7689eb168d131f9e6b598435,category=power
symbol,,symbols/rf/FSC-BT1035.kicad_sym,UNCHANGED,2524261dc7179513521924d8ae2c85706be33d517a7e8dd1a5ccfa5fe912e752,"hand-authored from the official Feasycom datasheet Table 3-2 (Pin definition), https://www.feasycom.com/datasheet/fsc-bt1035.pdf; all 52 pins transcribed directly, validated with kicad-cli; symbol only -- no verified footprint/3D model source was found (see README for details and how to add one)"
symbol,,symbols/rf/Interface.kicad_sym,UNCHANGED,e1e67f47b890b1afc2e874c5a0f51ceae71ccf0426041c43c27f066c2ccae570,category=rf
symbol,,symbols/rf/Interface_CAN_LIN.kicad_sym,UNCHANGED,c38fb427b68e72910f8742540fd24d9c65990b21713ab851aac5387e12267d1e,category=rf
symbol,,symbols/rf/Interface_CurrentLoop.kicad_sym,UNCHANGED,a1639e5796950eacc7a57a34f5f37fa675f0fc87a3540c8eb99ef1427c1e8b7f,category=rf
symbol,,symbols/rf/Interface_Ethernet.kicad_sym,UNCHANGED,e911665bcfb6e7b6971419b941cf70802ccc045bf3e53a4144434e242dca930d,category=rf
symbol,,symbols/rf/Interface_Expansion.kicad_sym,UNCHANGED,05c9d930b232109590ad86539dcbec631d34424285551a4ec2b884d88f67bad8,category=rf
symbol,,symbols/rf/Interface_HDMI.kicad_sym,UNCHANGED,6e88aee41502afbd4d8bdaa4286e3672444bcee222167c45ae0c5032de00092d,category=rf
symbol,,symbols/rf/Interface_HID.kicad_sym,UNCHANGED,48c6625da7de44147f64f5234446b65a7027a1db4b3270b008a3a9d39849de8c,category=rf
symbol,,symbols/rf/Interface_LineDriver.kicad_sym,UNCHANGED,fb208de396614b0b52342303d18c88a3d7699ff0ea94cebaead33e634a3d7dee,category=rf
symbol,,symbols/rf/Interface_Optical.kicad_sym,UNCHANGED,18579714cadafa0375d50575ee1af2d31ab50c4f7aa8a4cb3f77455b550aaa29,category=rf
symbol,,symbols/rf/Interface_Telecom.kicad_sym,UNCHANGED,d6a174939ff4787a4af7b3d7f6faa729cb9759345745be4d105f9fc0bb0aa96a,category=rf
symbol,,symbols/rf/Interface_UART.kicad_sym,UNCHANGED,1130f36032644e0609b6d34b64c8365e1b9247e3516b9d8ab26df9f6e3fe1b60,category=rf
symbol,,symbols/rf/Interface_USB.kicad_sym,UNCHANGED,8d58a283d764b19e01d41d05c71edbd119b81e975ccc7df390a5fc58c7fb5f0d,category=rf
symbol,,symbols/rf/RF.kicad_sym,UNCHANGED,993a630f43108e9aa71a72419fb7e969bc3d5551178d40f144a16c80977c30f6,category=rf
symbol,,symbols/rf/RF_AM_FM.kicad_sym,UNCHANGED,15a7411a091eb92197f14d5120e0d3fbe9dd235b09531872f1be3a0e6e4dfd2b,category=rf
symbol,,symbols/rf/RF_Amplifier.kicad_sym,UNCHANGED,f408753e6bca6d0c0dbc1819f0394d4ad7a848dbd4892ec2eaa4f76d45d4e5cf,category=rf
symbol,,symbols/rf/RF_Bluetooth.kicad_sym,UNCHANGED,db334be3a74f175b21a27412129a2c746e984e710f42f4b4d073e620fc58bd47,category=rf
symbol,,symbols/rf/RF_Filter.kicad_sym,UNCHANGED,8bfc2d267166449d22f2c49ed9fa651401eda03b07a91026c766247183bd9dcf,category=rf
symbol,,symbols/rf/RF_GPS.kicad_sym,UNCHANGED,eb581fefe1a81dd15d2bdaf62e47f7d5e153808d565603c072b719df8093ff25,category=rf
symbol,,symbols/rf/RF_GSM.kicad_sym,UNCHANGED,7cb8ecaf9434628df4e2118c5b7d05a6384e3dd4e452453c7a9c3e989597a4a1,category=rf
symbol,,symbols/rf/RF_Mixer.kicad_sym,UNCHANGED,e19a744034e573a35f4a734c6e0fd8942983983331f84c5789c753a83b410f49,category=rf
symbol,,symbols/rf/RF_Module.kicad_sym,UNCHANGED,4ab7933966c4fd737aa3a439333d7f6f399a73dadce7b5e828e8f8bee53d8d58,category=rf
symbol,,symbols/rf/RF_NFC.kicad_sym,UNCHANGED,b4d102a8907b99e3bd013689d130dc660b37b4b70659c009e58244657355e36b,category=rf
symbol,,symbols/rf/RF_RFID.kicad_sym,UNCHANGED,ea845001b3c3753c365db1071b715270813830b4d4e1535f27c5bb118d276633,category=rf
symbol,,symbols/rf/RF_Switch.kicad_sym,UNCHANGED,2e9e15440662cdf4278a542814d9392677ce08fff824292da1f92a6396b5f266,category=rf
symbol,,symbols/rf/RF_WiFi.kicad_sym,UNCHANGED,72ee13439acd562570d5c8b9a830c7044b26e1c0dea93f6973fb5518e26781a2,category=rf
symbol,,symbols/rf/RF_ZigBee.kicad_sym,UNCHANGED,301df8379d8df7fc85ee9d3515f260fe9574a251beaa761dbf40dd661c64def4,category=rf
footprint,,footprints/audio/ADAU1467WBCPZ300RL.pretty/ADAU1467WBCPZ300.kicad_mod,UNCHANGED,0610b438e1e01d2e2a9d20d6e67c452a128fa729bb141d4fd496d9ccc8940f6c,"imported from https://github.com/freeDSP/FreeDSP_ki-CAD_Libraries; had two broken 3D model refs (bare filename + ${KICAD_USER_TEMPLATE_DIR}), replaced with a single ${KIPRJMOD}-relative reference"
footprint,,footprints/audio/Combo384.pretty/Combo384.kicad_mod,UNCHANGED,d0fd2c7768222690b6aece4353c05b126daee59ce90955506c69c0b900f5cce0,imported from https://github.com/freeDSP/FreeDSP_ki-CAD_Libraries
footprint,,footprints/audio/MW-1466CORE.pretty/MW-1466CORE.kicad_mod,UNCHANGED,0730f98611d93674e25780ef5ee037d5a89eaa15e42f3d895636d763ded0224a,imported from https://github.com/freeDSP/FreeDSP_ki-CAD_Libraries
footprint,,footprints/audio/PCM1808QPWRQ1.pretty/PCM1808QPWRQ1.kicad_mod,UNCHANGED,c04c24d9cd5ce1ecf84e802cc7a97fd4ccec9370c1f883158819949890d438dc,"imported from https://github.com/freeDSP/FreeDSP_ki-CAD_Libraries; original 3D model ref was an ABSOLUTE PATH to the upstream maintainer's own machine (/Users/HILO/...), replaced with a ${KIPRJMOD}-relative reference"
footprint,,footprints/audio/PCM9211PTR.pretty/PCM9211PTR.kicad_mod,UNCHANGED,9ede5fb84e26df5b8975917212672075c79b8d3538f591cfb509c124f86bcec4,"imported from https://github.com/freeDSP/FreeDSP_ki-CAD_Libraries; had two broken 3D model refs (bare filename + ${KICAD_USER_TEMPLATE_DIR}), replaced with a single ${KIPRJMOD}-relative reference"
footprint,,footprints/display/lcd_kingtech.pretty/KINGTECH_DW0240A2BZ.kicad_mod,UNCHANGED,eb2b1b9593cd875074e9eb1d60dc642a6273e6ca875d857778c83d37c209a44c,category=display;library=lcd_kingtech.pretty
footprint,,footprints/display/lcd_kingtech.pretty/KINGTECH_DW0240A2BZ_PANEL.kicad_mod,UNCHANGED,52175852271679dcf0cc65dba3aebb2575b6f64c0a796666881530d84fc85145,category=display;library=lcd_kingtech.pretty
footprint,,footprints/display/lcd_kingtech.pretty/PV043WV-BICA3001_DSI.kicad_mod,UNCHANGED,902aa6cd1e6216f0b5657ce207b93d169879df34fbba3445a7ef697180af8037,category=display;library=lcd_kingtech.pretty
footprint,,footprints/fpga_cpld/altera.pretty/QFP50P2200X2200X160-145N_ALTERA.kicad_mod,UNCHANGED,8677b33709d1ff4d1694fda61aff9edc4f180fdcd25077533808b9ac09a58970,category=fpga_cpld;library=altera.pretty
footprint,,footprints/fpga_cpld/lattice.pretty/ECP5EVB_VERSA.kicad_mod,UNCHANGED,c87183434242b24dfdd6c2161ea915d8f879536fee1ed4ef10a9b54b91e9e404,category=fpga_cpld;library=lattice.pretty
footprint,,footprints/fpga_cpld/lattice.pretty/LATTICE_BGA_CABGA381.kicad_mod,UNCHANGED,47939725c9a5a53d2c2722731a6a38f2c6b86d23d8565bba9899b4567f09df2e,category=fpga_cpld;library=lattice.pretty
footprint,,footprints/fpga_cpld/lattice.pretty/LATTICE_BGA_CSFBGA285.kicad_mod,UNCHANGED,ab2534df1ae18a6ed48c70c0b107944a0026ec1760e722664fe54578df868a21,category=fpga_cpld;library=lattice.pretty
footprint,,footprints/fpga_cpld/xilinx.pretty/XILINX_CP[G]236.kicad_mod,UNCHANGED,fcf097e0a1a0ce57f2d72acd2c3a75f5d862ed59099f8bfe0ebd393d43513814,category=fpga_cpld;library=xilinx.pretty
footprint,,footprints/fpga_cpld/xilinx.pretty/XILINX_CS[G]32[45].kicad_mod,UNCHANGED,5c6e70e47755e298dc4d7fb5872b9087beae5999618f9f061d56d91536bf6bea,category=fpga_cpld;library=xilinx.pretty
footprint,,footprints/fpga_cpld/xilinx.pretty/XILINX_FG[G]484.kicad_mod,UNCHANGED,c1ea87aaf2e9403be53679ca49753193307afb9fb94de2827c4f13a193e39dde,category=fpga_cpld;library=xilinx.pretty
footprint,,footprints/interface/hdmi.pretty/FCI_10029449-11[13]RLF.kicad_mod,UNCHANGED,2e63d801b575e71a97196d4de16c9e63e4d023db9f7b37019b1e9ccd6b6ab449,category=interface;library=hdmi.pretty
footprint,,footprints/interface/usb3_esd_son50-10.pretty/USB3_ESD_SON50-10.kicad_mod,UNCHANGED,4d9e04a7770ee58d3efe1c7ab76f9c6a54c88f0424d23b3dac7b85cc67f5ef88,category=interface;library=usb3_esd_son50-10.pretty
footprint,,footprints/interface/usb3_micro_ab.pretty/USB3_MICRO_AB.kicad_mod,UNCHANGED,569db2845e7cee1cb88323a103b7ea87408096bf04822d34a947edc6f814e736,category=interface;library=usb3_micro_ab.pretty
footprint,,footprints/microcontrollers/ESP32-C3-MINI-1.pretty/ESP32-C3-MINI-1.kicad_mod,UNCHANGED,7199a851a84c609807b04c39ee934c1cb5f547ca731b8833d1daca2cd40dc20d,imported from https://github.com/espressif/kicad-libraries; 3D model ref repointed from ${KICAD8/9_3RD_PARTY} (PCM-install-only path) to this library's own 3dmodels/
footprint,,footprints/microcontrollers/ESP32-C3-WROOM-02.pretty/ESP32-C3-WROOM-02.kicad_mod,UNCHANGED,b1e46a6823655928e1496578aa66fab96559dc0d376a95c5e84c6240f3f65e14,imported from https://github.com/espressif/kicad-libraries; 3D model ref repointed from ${KICAD8/9_3RD_PARTY} (PCM-install-only path) to this library's own 3dmodels/
footprint,,footprints/microcontrollers/ESP32-C5-WROOM-1.pretty/ESP32-C5-WROOM-1.kicad_mod,UNCHANGED,bf3b4e7753dba4f42703d057692f7ac20f71991cbfb30f29fadc39a4f381386a,imported from https://github.com/espressif/kicad-libraries; 3D model ref repointed from ${KICAD8/9_3RD_PARTY} (PCM-install-only path) to this library's own 3dmodels/
footprint,,footprints/microcontrollers/ESP32-C5-WROOM-1U.pretty/ESP32-C5-WROOM-1U.kicad_mod,UNCHANGED,29be7839d6e969436a9bbc0f1ad3e23a55662133e7c01b69945a36770324e1c3,imported from https://github.com/espressif/kicad-libraries; 3D model ref repointed from ${KICAD8/9_3RD_PARTY} (PCM-install-only path) to this library's own 3dmodels/
footprint,,footprints/microcontrollers/ESP32-C6-MINI-1_U.pretty/ESP32-C6-MINI-1.kicad_mod,UNCHANGED,0ec521cf6b86e3fe4cd012c7e219c64e1d33b9e2d9ece52c5e1f50d95791c5d7,imported from https://github.com/espressif/kicad-libraries; 3D model ref repointed from ${KICAD8/9_3RD_PARTY} (PCM-install-only path) to this library's own 3dmodels/
footprint,,footprints/microcontrollers/ESP32-C6-WROOM-1.pretty/ESP32-C6-WROOM-1.kicad_mod,UNCHANGED,5ffc287eab7857c31d1ba4963dda64a1aea680ac2d83b89f948065a8ab4d249b,imported from https://github.com/espressif/kicad-libraries; 3D model ref repointed from ${KICAD8/9_3RD_PARTY} (PCM-install-only path) to this library's own 3dmodels/
footprint,,footprints/microcontrollers/ESP32-H2-MINI-1.pretty/ESP32-H2-MINI-1.kicad_mod,UNCHANGED,2ff662cef32e1dfc85946a1e7cde709b4101564b78fa8e49e91a62dc50d6ef3b,imported from https://github.com/espressif/kicad-libraries; 3D model ref repointed from ${KICAD8/9_3RD_PARTY} (PCM-install-only path) to this library's own 3dmodels/
footprint,,footprints/microcontrollers/ESP32-MINI-1.pretty/ESP32-MINI-1.kicad_mod,UNCHANGED,367cd69696eaeb82e02bd16b709cedcc5578af1fc88e95e5911091b5076fa7c0,imported from https://github.com/espressif/kicad-libraries; 3D model ref repointed from ${KICAD8/9_3RD_PARTY} (PCM-install-only path) to this library's own 3dmodels/
footprint,,footprints/microcontrollers/ESP32-S2-MINI-1.pretty/ESP32-S2-MINI-1.kicad_mod,UNCHANGED,cad072292ff1ae90cf9adda260a94f79fd4bffa5729f7fb9b21c1140d3c7a453,imported from https://github.com/espressif/kicad-libraries; 3D model ref repointed from ${KICAD8/9_3RD_PARTY} (PCM-install-only path) to this library's own 3dmodels/
footprint,,footprints/microcontrollers/ESP32-S2-SOLO.pretty/ESP32-S2-SOLO.kicad_mod,UNCHANGED,79a6ba09f906b1bb80803b3db7130b6d2651753f01877f72829d02fff71fd07d,imported from https://github.com/espressif/kicad-libraries; 3D model ref repointed from ${KICAD8/9_3RD_PARTY} (PCM-install-only path) to this library's own 3dmodels/
footprint,,footprints/microcontrollers/ESP32-S2-WROOM.pretty/ESP32-S2-WROOM.kicad_mod,UNCHANGED,a6d56805796c7990b00edd6799753c15e4faaf4f085f52eb62376d56b04a6324,imported from https://github.com/espressif/kicad-libraries; 3D model ref repointed from ${KICAD8/9_3RD_PARTY} (PCM-install-only path) to this library's own 3dmodels/
footprint,,footprints/microcontrollers/ESP32-S2-WROVER.pretty/ESP32-S2-WROVER.kicad_mod,UNCHANGED,b340b4c2dd94f2bb346c06d386aa6e9c3d26ca793e333c6082bb463ab28d115f,imported from https://github.com/espressif/kicad-libraries; 3D model ref repointed from ${KICAD8/9_3RD_PARTY} (PCM-install-only path) to this library's own 3dmodels/
footprint,,footprints/microcontrollers/ESP32-S3-MINI-1.pretty/ESP32-S3-MINI-1.kicad_mod,UNCHANGED,a5fec8213b6e57fd80c85b3d5bfeb0046e92554f78a598fdcba954bc65f74f25,imported from https://github.com/espressif/kicad-libraries; 3D model ref repointed from ${KICAD8/9_3RD_PARTY} (PCM-install-only path) to this library's own 3dmodels/
footprint,,footprints/microcontrollers/ESP32-S3-WROOM-1.pretty/ESP32-S3-WROOM-1.kicad_mod,UNCHANGED,66e187608335afcf5d8f30ea606127b623b169c0c061a55a5b396f428bc886d9,imported from https://github.com/espressif/kicad-libraries; 3D model ref repointed from ${KICAD8/9_3RD_PARTY} (PCM-install-only path) to this library's own 3dmodels/
footprint,,footprints/microcontrollers/ESP32-S3-WROOM-2.pretty/ESP32-S3-WROOM-2.kicad_mod,UNCHANGED,10e5598f48a0de11d0a795e0d70fda9319a8e295a2805b96b9c131234d762c04,imported from https://github.com/espressif/kicad-libraries; 3D model ref repointed from ${KICAD8/9_3RD_PARTY} (PCM-install-only path) to this library's own 3dmodels/
footprint,,footprints/microcontrollers/ESP32-S31-WROOM-3.pretty/ESP32-S31-WROOM-3.kicad_mod,UNCHANGED,8a4777355d212dac37d80b5396266751c0f9bd19827b944acef729f89f9ed060,REPLACED an earlier easyeda2kicad.py footprint with the official one from https://github.com/espressif/kicad-libraries; 3D model ref repointed from ${KICAD8_3RD_PARTY} (PCM-install-only path) to this library's own 3dmodels/microcontrollers/
footprint,,footprints/microcontrollers/ESP32-WROOM-E.pretty/ESP32-WROOM-32E.kicad_mod,UNCHANGED,f621a38328e76364355f894770f43286b05c36c391089f841cd78cec06820de4,imported from https://github.com/espressif/kicad-libraries; 3D model ref repointed from ${KICAD8/9_3RD_PARTY} (PCM-install-only path) to this library's own 3dmodels/
footprint,,footprints/microcontrollers/ESP32-WROVER-E.pretty/ESP32-WROVER-E.kicad_mod,UNCHANGED,df0ce4bf48e5a782d4141cef2852dfd2133b160a528214393b9967d7917fd2a8,imported from https://github.com/espressif/kicad-libraries; 3D model ref repointed from ${KICAD8/9_3RD_PARTY} (PCM-install-only path) to this library's own 3dmodels/
footprint,,footprints/microcontrollers/ESP8684-WROOM-02C_U.pretty/ESP8684-WROOM-02C.kicad_mod,UNCHANGED,b612f137faad57eb6f377cfa7f9b6f87e61ecabff98d74ff49d40d1023cf6eed,imported from https://github.com/espressif/kicad-libraries; 3D model ref repointed from ${KICAD8/9_3RD_PARTY} (PCM-install-only path) to this library's own 3dmodels/
footprint,,footprints/other/IC_TPS63020DSJT.pretty/IC_TPS63020DSJT.kicad_mod,UNCHANGED,82007621f5cb1353c5925cfd12893df95be21931d1349f46b220d87dfc1221be,"wrapped into its own .pretty library (was a loose standalone .kicad_mod, invisible to fp-lib-table); 3D model reference added"
footprint,,footprints/other/SOT95P280X145-5N.pretty/SOT95P280X145-5N.kicad_mod,UNCHANGED,21fef7d300dca09281ce18b297a5fa295b775639f5ed6a81da42a32aec1abe0e,shared footprint for MIKILAB_TPS7A2012PDBVR and MIKILAB_TPS7A2018PDBVR; a duplicate 'SOT95P280X145-5N_2.kicad_mod' existed and was removed after SHA256 comparison showed the only difference was KiCad's internal 'tedit' timestamp (geometry/pads/silkscreen/courtyard byte-identical)
footprint,,footprints/other/abracon.pretty/ASVMB.kicad_mod,UNCHANGED,a37954b375aa8d2b9023b2f2fb4b9b63c0ca2d0058849f4074c8b79f470e4b23,category=other;library=abracon.pretty
footprint,,footprints/other/alps.pretty/ALPS_SCHA4B0100.kicad_mod,UNCHANGED,5b00ce206569cc2ba2018d81938a583bff503280f5e447554b2cbc3f11da273e,category=other;library=alps.pretty
footprint,,footprints/other/alps.pretty/ALPS_SCHA4B0400.kicad_mod,UNCHANGED,526f2b905c7f54ffdd5f22f4c060f9d5e8f80f0c61c77993f0aa92089194618d,category=other;library=alps.pretty
footprint,,footprints/other/alps.pretty/ALPS_SCHA4B0419.kicad_mod,UNCHANGED,e1aaf4b3a97e881f70fe64ecd08b64cd448adf8a542c5b45f8e431f0b25c0575,category=other;library=alps.pretty
footprint,,footprints/other/amp_te.pretty/1775838-2.kicad_mod,UNCHANGED,da47ea9aa5ce2f86cd85744d808f1bdcf1ffb03ca56a852c9c664a1406180966,category=other;library=amp_te.pretty
footprint,,footprints/other/amp_te.pretty/1909763-1.kicad_mod,UNCHANGED,ab6b53e39a6f69516a1902167fa4fd73aba55bbb1c06746f80e34ce41e05e934,category=other;library=amp_te.pretty
footprint,,footprints/other/amp_te.pretty/2013289.kicad_mod,UNCHANGED,f11093b64e932cf2702cb041761640e05b52ddae1e70284d1f5018f200b9f7f0,category=other;library=amp_te.pretty
footprint,,footprints/other/amphenol.pretty/12401610E4#2A.kicad_mod,UNCHANGED,9f14463c9a46d57e0a217bccf64e60aa2e3fe9526df40c98eacaa2fcb85857c9,category=other;library=amphenol.pretty
footprint,,footprints/other/amphenol.pretty/AMPHENOL_RJHSE5080.kicad_mod,UNCHANGED,85f5ecb75426fe373337fcdaf45a5683cd83396d9e1bbdf6602b10d4a2e88f9d,category=other;library=amphenol.pretty
footprint,,footprints/other/amphenol.pretty/AMPHENOL_RJHSE508004.kicad_mod,UNCHANGED,021947afa48eaadb65978a39cd7a8e724977c6cd95d820f134a9331290d0ed85,category=other;library=amphenol.pretty
footprint,,footprints/other/amphenol.pretty/ICD15S13E4GX.kicad_mod,UNCHANGED,6b096ca5b2d02d18513e3af2976af1b91a8c883678221987adce199e7ffd8738,category=other;library=amphenol.pretty
footprint,,footprints/other/bat_coin.pretty/MPD_BU2032SM-BT-G.kicad_mod,UNCHANGED,8bc99418ddcd8f339c0c9730e9117c2116dda5bc231237cda5c531b5ae7c4c8a,category=other;library=bat_coin.pretty
footprint,,footprints/other/beaglebone_black.pretty/beaglebone_black.kicad_mod,UNCHANGED,ade2b063c225aa207ccf3b8f69e437faf0203881cf490ca2c2ff1dc12c9d1b27,category=other;library=beaglebone_black.pretty
footprint,,footprints/other/bel_fuse.pretty/SS-51000-003.kicad_mod,UNCHANGED,3f83a3b8d2cc9cb37a057a3111344fdeba9e3624471e6d5106bd7c6185616740,category=other;library=bel_fuse.pretty
footprint,,footprints/other/bourns.pretty/BOURNS_SRN6045.kicad_mod,UNCHANGED,e6f7a4357563cc892aff623fe18074d3f33ad3d45a135ee971fa544aacabe725,category=other;library=bourns.pretty
footprint,,footprints/other/bourns.pretty/BOURNS_SRR1260.kicad_mod,UNCHANGED,79c25e10804dc3d034eaf2c0881b7018738676732331ac751c400e67d6bc14ef,category=other;library=bourns.pretty
footprint,,footprints/other/bourns.pretty/BOURNS_SRR1280.kicad_mod,UNCHANGED,bb7601166a6265f0fc737633895feddc07edae411cbe5cd1e44957453f0ea9a6,category=other;library=bourns.pretty
footprint,,footprints/other/bourns.pretty/MF-LSMF.kicad_mod,UNCHANGED,ae857f8de7a17a569952bf09a0ed192a0ff041e4c3a8bcb7371805ed4944142a,category=other;library=bourns.pretty
footprint,,footprints/other/ck.pretty/CK_TPA511G.kicad_mod,UNCHANGED,ccc87b23f6f97006076560324bd4ff5d9ccb71bca9f781fc07b436cb567f12ab,category=other;library=ck.pretty
footprint,,footprints/other/ck.pretty/CK_TSWB-3N-CB222_LFS.kicad_mod,UNCHANGED,034a41ec70672f86b03ba08184ae1475c9ecfc4e3678f845ecfc1a0309c60642,category=other;library=ck.pretty
footprint,,footprints/other/coilcraft.pretty/LPS4018.kicad_mod,UNCHANGED,7f637bf368ff8d8478ec5075dc1e2a2da9c4a25bb0f36b60c056825f997e7679,category=other;library=coilcraft.pretty
footprint,,footprints/other/coilcraft.pretty/LPS5010.kicad_mod,UNCHANGED,d3f9feb74e59ed3a8e8594910fdf186f57a087dc55814df620b2208b71dbc852,category=other;library=coilcraft.pretty
footprint,,footprints/other/coilcraft.pretty/SER1590.kicad_mod,UNCHANGED,314ca770bfbcb00955d66e767e3c286bd30d682dba714755bd8a95021f5b754e,category=other;library=coilcraft.pretty
footprint,,footprints/other/cts.pretty/219-2MST.kicad_mod,UNCHANGED,692ba3dcf2f8ac749d0bd008b32a097573207b838bb26624ad6d865c6d5e7eec,category=other;library=cts.pretty
footprint,,footprints/other/cui.pretty/CUI_CMA-4544PF-W.kicad_mod,UNCHANGED,e422f1bec52339ef221241df3c1c7ba1b07e1c39c52455d4f4a34a06b6d65d1d,category=other;library=cui.pretty
footprint,,footprints/other/cui.pretty/CUI_PJ-102[AB]H.kicad_mod,UNCHANGED,7f35bdddb4bd8b9e5f7389563815b13a589aaedb0e0f0bf2f8b12af43eafdd6a,category=other;library=cui.pretty
footprint,,footprints/other/cui.pretty/CUI_SJ-3524-SMT.kicad_mod,UNCHANGED,55b8339b0ea48b3b6c137aacce5ca2483aedf5142fd024ef6ce4c18ba26947ce,category=other;library=cui.pretty
footprint,,footprints/other/cui.pretty/CUI_SJ-43516-SMT.kicad_mod,UNCHANGED,a38c0e568727b923a0336495c8ca843821cfe28de4a4f8a948d4bef58f70d972,category=other;library=cui.pretty
footprint,,footprints/other/cui.pretty/CUI_SJ1-352XN.kicad_mod,UNCHANGED,fc7ce0afc4b3b5c0309067eaf67a5229cc19c37028c8d47f7933973ea96ba4c6,category=other;library=cui.pretty
footprint,,footprints/other/cui.pretty/MD-40SMK.kicad_mod,UNCHANGED,d87c9cbe6e1fdd820b02a5521daed0fecb92fb1c03a91bcc10309d3bbbc9ce86,category=other;library=cui.pretty
footprint,,footprints/other/cui.pretty/PJ-102AH.kicad_mod,UNCHANGED,c34494380da5d3175eb3dbe8eea42b7d25a0a730abdc53069e6907f618f32310,category=other;library=cui.pretty
footprint,,footprints/other/eastrising.pretty/ER-CON06HT-1.kicad_mod,UNCHANGED,2353f31be7f204f3df054046ab5374599486f8bde4636c736fb423d062762191,category=other;library=eastrising.pretty
footprint,,footprints/other/eastrising.pretty/ER-CON24HT-1.kicad_mod,UNCHANGED,1d67f57072c3fdb60a3e3d8bab54c9bf430b53b4d3a61e47b0a154533b411628,category=other;library=eastrising.pretty
footprint,,footprints/other/eastrising.pretty/ER-CON50HT-1.kicad_mod,UNCHANGED,ac208c4625e6b18210c9894d6d2bef9e1b3be24d63b83c62d2dfae76fcc08cb3,category=other;library=eastrising.pretty
footprint,,footprints/other/eastrising.pretty/ER-TFT024-3.kicad_mod,UNCHANGED,9bc254d3fda261a3b8827a5c31d46473658741907aef4d5f390a3958e9bb9769,category=other;library=eastrising.pretty
footprint,,footprints/other/epcos.pretty/EPCOS_DCC6C.kicad_mod,UNCHANGED,6251725973a173b76cc4bb5998473ae4b723679ff6d70a08242cb09ee38ec96b,category=other;library=epcos.pretty
footprint,,footprints/other/fiducial.pretty/FIDUCIAL_65MIL.kicad_mod,UNCHANGED,8a7e9cd01541189c6d1bb2fe8d16fb16e741e889010061df19072e44b02f7338,category=other;library=fiducial.pretty
footprint,,footprints/other/harwin.pretty/HARWIN_M20-9960645.kicad_mod,UNCHANGED,025e0a653d536474456f19c26df6d0d2d0e52cfc1b1452f529426cc463b918ef,category=other;library=harwin.pretty
footprint,,footprints/other/header.pretty/HEADER_10X1_TH_254.kicad_mod,UNCHANGED,c7d0b9e6d65a742745477cca595ccecf814576a28f2ca8eaa60c518bfc62732e,category=other;library=header.pretty
footprint,,footprints/other/header.pretty/HEADER_11X2_REV_SM_254.kicad_mod,UNCHANGED,5cd2d279667862dd59571f1557b58b782c0d9088ac059f13eacb9faefcc78435,category=other;library=header.pretty
footprint,,footprints/other/header.pretty/HEADER_11X2_REV_SM_254_AP.kicad_mod,UNCHANGED,5a88448d09ee5c1876608287ab891530f5857efacb49fb182cc2e68fb39d468e,category=other;library=header.pretty
footprint,,footprints/other/header.pretty/HEADER_11X2_SM_254.kicad_mod,UNCHANGED,fc60e8167f9501ce2c003311020e3da548c5b57e954a25aca84001296407692e,category=other;library=header.pretty
footprint,,footprints/other/header.pretty/HEADER_11X2_TH_254.kicad_mod,UNCHANGED,2966ea97bf7a5935ed68707b2ed3b059340266df5a31161ce7d3343f8df6fb35,category=other;library=header.pretty
footprint,,footprints/other/header.pretty/HEADER_12X2_TH_254.kicad_mod,UNCHANGED,a4bb83166e1107e49934db9b9a5df2b77f57843381f7519bd361d5ed82c78ffc,category=other;library=header.pretty
footprint,,footprints/other/header.pretty/HEADER_13X2_REV_SM_254.kicad_mod,UNCHANGED,fdad80c3d01a2a6b60ec5a7177c5b515455f76399b43e61819522d9e4352f604,category=other;library=header.pretty
footprint,,footprints/other/header.pretty/HEADER_13X2_REV_SM_254_AP.kicad_mod,UNCHANGED,f582da1dfbec9f0be0d788066beb6652efa13e411d1ef6284bc87c5cf71f3935,category=other;library=header.pretty
footprint,,footprints/other/header.pretty/HEADER_13X2_SM_254.kicad_mod,UNCHANGED,bfc0bde715d6fa39e7f87df744157470f533c717654855785cf0ad638bf44b80,category=other;library=header.pretty
footprint,,footprints/other/header.pretty/HEADER_13X2_TH_254.kicad_mod,UNCHANGED,dcc6af2311dd1d493d060c995590681d57a89a7d9562a88c52e25057c4e6e24b,category=other;library=header.pretty
footprint,,footprints/other/header.pretty/HEADER_16X2_TH_254.kicad_mod,UNCHANGED,b1854b84612af4c011f783ac1ae3752f4274f3f3a59c1a24b01e4edd06231542,category=other;library=header.pretty
footprint,,footprints/other/header.pretty/HEADER_1X8_TH_254.kicad_mod,UNCHANGED,f4b0431760204c972dfc88227cac2100b7d421de4702d27d6fefec4aaf7a27ac,category=other;library=header.pretty
footprint,,footprints/other/header.pretty/HEADER_20X2_SM_254_AP.kicad_mod,UNCHANGED,9e73ef6b7ac857d957cc42a4ac755a604c96cd193423832de83de249bb76d40b,category=other;library=header.pretty
footprint,,footprints/other/header.pretty/HEADER_20X2_TH_254.kicad_mod,UNCHANGED,210d924c512f36fca043335a05a12d4f885433f8c6101ef3b20ea2746e1a648d,category=other;library=header.pretty
footprint,,footprints/other/header.pretty/HEADER_2X2_TH_254.kicad_mod,UNCHANGED,9cbe423b70e0bea2e9b59a1df8fa6f1bdc5d69c98f01f80fd166644fd31c81e7,category=other;library=header.pretty
footprint,,footprints/other/header.pretty/HEADER_3X2_TH_254.kicad_mod,UNCHANGED,08d0c27832f592c50244cad58e7f1a8197f40581c345c5311e2140c9980f65b3,category=other;library=header.pretty
footprint,,footprints/other/header.pretty/HEADER_4X2_TH_254.kicad_mod,UNCHANGED,d0ef2e920d997182588ccf74b6a5245cd4a3edf11f42a02a0ec511f1ed78b374,category=other;library=header.pretty
footprint,,footprints/other/header.pretty/HEADER_5X2_SM_127.kicad_mod,UNCHANGED,20476e5777d7eba68640e748fcb2cfd95047f8876c629606512b12594de3664a,category=other;library=header.pretty
footprint,,footprints/other/header.pretty/HEADER_5X2_TH_254.kicad_mod,UNCHANGED,36c53445672489f35b14935788e3fd1330716e5067bb0b004399a56fc4a4175c,category=other;library=header.pretty
footprint,,footprints/other/hirose.pretty/HIROSE_DF9-41S.kicad_mod,UNCHANGED,6ab53d73539785d16fb57b55f42f3db407bc57b1af7b81e13ae63ac8e461f672,category=other;library=hirose.pretty
footprint,,footprints/other/hirose.pretty/HIROSE_DM3D.kicad_mod,UNCHANGED,8e162ff8fd2f6da6885f7d54a6985999783e5cc223361dc27f5dcd54cd66de5d,category=other;library=hirose.pretty
footprint,,footprints/other/hole.pretty/HOLE_3200UM.kicad_mod,UNCHANGED,ba064af74c20261a06707e22a87e4a9642c064a0ec604a604e7eca39ebab4bb2,category=other;library=hole.pretty
footprint,,footprints/other/hole.pretty/HOLE_3200UM_VIAS.kicad_mod,UNCHANGED,b1a68036638e8f906d559e6b282ab48597e3710a0d161d1b08bfd4d7d0eb6f7c,category=other;library=hole.pretty
footprint,,footprints/other/hole.pretty/HOLE_3P2MM.kicad_mod,UNCHANGED,d2e790f42a9576093733b5cffc0e69c4953802837f32c08d75668a7dec36bd7f,category=other;library=hole.pretty
footprint,,footprints/other/idi.pretty/R-100.kicad_mod,UNCHANGED,84ed627005a35611d1912c2112e44417c9bfd7974c105b5c483e3238e7b49d61,category=other;library=idi.pretty
footprint,,footprints/other/ipc_beadc.pretty/IPC_BEADC160X80X95L40N.kicad_mod,UNCHANGED,32462628497075b85241576c795a9aa8b2be6a629061f48860c934d6de9c339e,category=other;library=ipc_beadc.pretty
footprint,,footprints/other/ipc_beadc.pretty/IPC_BEADC200X125X105L50N.kicad_mod,UNCHANGED,45d7ec3b1d61ddd5eff647b14f5d5bbd8d63060942118caea54b15a02749d0d9,category=other;library=ipc_beadc.pretty
footprint,,footprints/other/ipc_bga.pretty/IPC_BGA196CP65_14X14_1000X1000X143B30N.kicad_mod,UNCHANGED,9b3218d02a2ad9d8f90c07a0373b3e090384ee3884a17e25f539284b02cb4bba,category=other;library=ipc_bga.pretty
footprint,,footprints/other/ipc_bga.pretty/IPC_BGA196CP80_14X14_1200X1200X152B43N.kicad_mod,UNCHANGED,0cd286260fb54cdbe1b868f93474ac4f597c6c33012365cc1c413104a901a09b,category=other;library=ipc_bga.pretty
footprint,,footprints/other/ipc_bga.pretty/IPC_BGA20CP40_5X4_201X161X62B26N.kicad_mod,UNCHANGED,dd42c55f7943257798f0d13c6fe786eaacdb948e3d0b7eb939a32e6b878f7cbf,category=other;library=ipc_bga.pretty
footprint,,footprints/other/ipc_bga.pretty/IPC_BGA256CP100_16X16_1700X1700X155B50N.kicad_mod,UNCHANGED,410237d0d8c4f0591975f3ec4b3a8b5c1d69392ddeef4722f50e56bdd3166a9b,category=other;library=ipc_bga.pretty
footprint,,footprints/other/ipc_bga.pretty/IPC_BGA256CP100_16X16_1700X1700X178B55N.kicad_mod,UNCHANGED,e20f4e8f09915ea741d546466aed4a3bc2a9dd11bdde6d496a006aaae3fd8cb8,category=other;library=ipc_bga.pretty
footprint,,footprints/other/ipc_bga.pretty/IPC_BGA256CP50_16X16_900X900X100B30N.kicad_mod,UNCHANGED,7e3321515edf9a0b5bc1d318c8d421be497bd01250c120a0c01c335885f54a6b,category=other;library=ipc_bga.pretty
footprint,,footprints/other/ipc_bga.pretty/IPC_BGA256CP80_16X16_1400X1400X170B45N.kicad_mod,UNCHANGED,a885c0799537524431a47f56ddd0324961ccffaad566b98937236c4adb340198,category=other;library=ipc_bga.pretty
footprint,,footprints/other/ipc_bga.pretty/IPC_BGA400CP127_20X20_2700X2700X260B75N.kicad_mod,UNCHANGED,648039d77ad852ec3acd966df6f4366ce2b5fb5e70f4e22f64f6a9d4de15ad41,category=other;library=ipc_bga.pretty
footprint,,footprints/other/ipc_bga.pretty/IPC_BGA4CP35_2X2_71X71X40B20N.kicad_mod,UNCHANGED,9161ee23ac5a33f05cf0468f8e46fdd4896378ac82fff8479c5a164d547b4f59,category=other;library=ipc_bga.pretty
footprint,,footprints/other/ipc_bga.pretty/IPC_BGA8CP50_2X4_86X186X50B23N.kicad_mod,UNCHANGED,a5f9d392aab97114f324f1403bb21412b80870d698bdf624da2e16f6a944b953,category=other;library=ipc_bga.pretty
footprint,,footprints/other/ipc_capae.pretty/IPC_CAPAE430X540N.kicad_mod,UNCHANGED,2d8d079ac83c588ffbf4387a56075c662ba33ba7ae6bd0a1dcecde2e5414283e,category=other;library=ipc_capae.pretty
footprint,,footprints/other/ipc_capae.pretty/IPC_CAPAE530X540N.kicad_mod,UNCHANGED,a173b668f2fcb76fa4295764ac92d0542c158c0f7fe1a7849ee5aa84481c00f9,category=other;library=ipc_capae.pretty
footprint,,footprints/other/ipc_capae.pretty/IPC_CAPAE660X790N.kicad_mod,UNCHANGED,7018b0d9c6a942a344779a08ee56b275feb9de5a40d7ed2934f92d9dda42fde6,category=other;library=ipc_capae.pretty
footprint,,footprints/other/ipc_capae.pretty/IPC_CAPAE830X620N.kicad_mod,UNCHANGED,ec3a6958a50c312c6c45e2882f005176febf35812dfe5c3ac838500b77fec328,category=other;library=ipc_capae.pretty
footprint,,footprints/other/ipc_capc.pretty/IPC_CAPC100X50X55L25N.kicad_mod,UNCHANGED,61752ce4457346be9f3aacb9f4f6b0f97895eab15365abaa1f4d9200fe7900aa,category=other;library=ipc_capc.pretty
footprint,,footprints/other/ipc_capc.pretty/IPC_CAPC160X80X90L35N.kicad_mod,UNCHANGED,ab5577b29833dd86bbc6e699ff001249b430f3626606b118b3c7d79d982f9d17,category=other;library=ipc_capc.pretty
footprint,,footprints/other/ipc_capc.pretty/IPC_CAPC200X125X135L45N.kicad_mod,UNCHANGED,f4bb8b5e48942c7a195be54fe14b7b0d802c421be6143cfadeb57ad4f52b7911,category=other;library=ipc_capc.pretty
footprint,,footprints/other/ipc_capc.pretty/IPC_CAPC320X160X180L55N.kicad_mod,UNCHANGED,e2d82dd25c93f3e299326efa0d4b3a03f5e0c419c2cc371fa16ea40b745b9012,category=other;library=ipc_capc.pretty
footprint,,footprints/other/ipc_capc.pretty/IPC_CAPC60X30X33L15N.kicad_mod,UNCHANGED,9d25cef3f53ba4738d5ac68b9f3957ae475494b7e91a4c2dec12643aeb654933,category=other;library=ipc_capc.pretty
footprint,,footprints/other/ipc_capmp.pretty/IPC_CAPMP7343X310N.kicad_mod,UNCHANGED,5c5fbc15defc55e8379540911caa07bfd8b1dbf831e915437565c115e24c0959,category=other;library=ipc_capmp.pretty
footprint,,footprints/other/ipc_diom.pretty/IPC_DIOM5127X229N.kicad_mod,UNCHANGED,2f6f5956bec6e29e36441ce281f5bdfac00512c9a591bff081a003e146f89d02,category=other;library=ipc_diom.pretty
footprint,,footprints/other/ipc_diom.pretty/IPC_DIOM5226X203N.kicad_mod,UNCHANGED,c20d44b6d58d0514de15fe0c93fcf0cf4d1e61d09449662f39edff1c15402263,category=other;library=ipc_diom.pretty
footprint,,footprints/other/ipc_fussc.pretty/IPC_FUSSC257X321X120L50N.kicad_mod,UNCHANGED,f2883b9fb4a2049a6063c5c8e213fd454582d70706fea948d1f8196efba4371e,category=other;library=ipc_fussc.pretty
footprint,,footprints/other/ipc_indc.pretty/IPC_INDC100X50X60L20N.kicad_mod,UNCHANGED,a1af4e5941da069611f658fd5117f8f6d03c400b4db1a378f4aa151a93c5c5b9,category=other;library=ipc_indc.pretty
footprint,,footprints/other/ipc_indc.pretty/IPC_INDC160X80X100L30N.kicad_mod,UNCHANGED,5909edf3131f4ff33942a4e1c98aee5886a59d6b757c2fb57cb2012149ed13fb,category=other;library=ipc_indc.pretty
footprint,,footprints/other/ipc_indc.pretty/IPC_INDC200X125X145L50N.kicad_mod,UNCHANGED,217518f9d9c71c68a9a8508775fbdf142d2e1c971165e6fcf26dcf8b979cdaaa,category=other;library=ipc_indc.pretty
footprint,,footprints/other/ipc_indc.pretty/IPC_INDC200X160X100L50N.kicad_mod,UNCHANGED,fe7ac237d31a2854bc3791ed65cf3bb2ea8b3929ac9353e79015965afeadced1,category=other;library=ipc_indc.pretty
footprint,,footprints/other/ipc_indc.pretty/IPC_INDC250X200X120L60N.kicad_mod,UNCHANGED,b96c1a4a6d49312ea67c1e5127c9ff54cf4d884f601e2686c689f8a7fc3edb63,category=other;library=ipc_indc.pretty
footprint,,footprints/other/ipc_indc.pretty/IPC_INDC60X30X33L15N.kicad_mod,UNCHANGED,4bd76f4628692541c66fef671c7cb3750350ddad0f850dd9a34fb16c4881e4ea,category=other;library=ipc_indc.pretty
footprint,,footprints/other/ipc_ledc.pretty/IPC_LEDC1608X90L40N.kicad_mod,UNCHANGED,0c6c924fcdc5bcb75591a9481949cea57d4b82b3139974831d08d4bc69efaf60,category=other;library=ipc_ledc.pretty
footprint,,footprints/other/ipc_osccc.pretty/IPC_OSCCC320X250X110L75X100N.kicad_mod,UNCHANGED,530b0fc2d95047f6609b1dcaefdd0eb4e02602df4587a685849e1ffcf2562620,category=other;library=ipc_osccc.pretty
footprint,,footprints/other/ipc_osccc.pretty/IPC_OSCCC320X250X120L75X100N.kicad_mod,UNCHANGED,a0ac5275992d9ab11ffd120e2b6487fc857454a0fe7e53576da6242e7348726a,category=other;library=ipc_osccc.pretty
footprint,,footprints/other/ipc_osccc.pretty/IPC_OSCCC320X250X80L90X100N.kicad_mod,UNCHANGED,f357e2de3d6d4f9144d1a19c946e658f87dccc7c85809c7df9023bf8a69f1619,category=other;library=ipc_osccc.pretty
footprint,,footprints/other/ipc_osccc.pretty/IPC_OSCCC320X500X105-4N.kicad_mod,UNCHANGED,c4c38580a6259f85377a4e9645e371c55a9014dd6d6d40e859c9a1f4db446326,category=other;library=ipc_osccc.pretty
footprint,,footprints/other/ipc_oscsc.pretty/IPC_OSCSC4P254_500X320X140L100X120N.kicad_mod,UNCHANGED,67ed5737b41fbfc760a2fc6259350cec14dd487999925e1e15c59f026a7c5114,category=other;library=ipc_oscsc.pretty
footprint,,footprints/other/ipc_oscsc.pretty/OSCSC508P500X700X180-4N.kicad_mod,UNCHANGED,04d924268f2d67d43d010ca99e3a11c72c4adae5e5630f332d657ced1ef6c2c9,category=other;library=ipc_oscsc.pretty
footprint,,footprints/other/ipc_qfn.pretty/IPC_QFN17P50_300X300X100L40X24T168N.kicad_mod,UNCHANGED,8e236f03a75e009d5a78e40d14afc6f744b2715f915bfe759a7f4361441729bd,category=other;library=ipc_qfn.pretty
footprint,,footprints/other/ipc_qfn.pretty/IPC_QFN17P50_300X300X100L40X25T160N.kicad_mod,UNCHANGED,8f86b033033b9ad943562e5843064e8e8b7347dd2a27e37f208cfa74294cb45b,category=other;library=ipc_qfn.pretty
footprint,,footprints/other/ipc_qfn.pretty/IPC_QFN25P50_400X400X100L40X24T245N.kicad_mod,UNCHANGED,c0de0c63a86686b4755fc4c0678cabfc72215adace8bed349049d93122cd3a43,category=other;library=ipc_qfn.pretty
footprint,,footprints/other/ipc_qfn.pretty/IPC_QFN25P50_400X400X100L40X24T250N.kicad_mod,UNCHANGED,6cba962e15ce9b154ffb29c27bdb58f04e85cd892f24b64b02a276b9f8fc9e0c,category=other;library=ipc_qfn.pretty
footprint,,footprints/other/ipc_qfn.pretty/IPC_QFN25P50_400X400X100L40X24T270N.kicad_mod,UNCHANGED,84c444aaca30366604779dbb29ddce2ebeb1059394a1a23be7e043cbb1b391df,category=other;library=ipc_qfn.pretty
footprint,,footprints/other/ipc_qfn.pretty/IPC_QFN25P50_400X400X80L40X24T270N.kicad_mod,UNCHANGED,ab7019c9f128955cde61256e8c1221bf3a6ae3d1e450e704389c58f847ac74a4,category=other;library=ipc_qfn.pretty
footprint,,footprints/other/ipc_qfn.pretty/IPC_QFN25P50_450X350X80L42X24T300X200N_nonstd_pins.kicad_mod,UNCHANGED,3a03a8a99e1d5ce4b7f4eeb9ff9fdd888e41b7823df0ee6fb7143845290f378b,category=other;library=ipc_qfn.pretty
footprint,,footprints/other/ipc_qfn.pretty/IPC_QFN29P50_500X500X100L55X25T340N.kicad_mod,UNCHANGED,6368cabd1841ce8f4db7e2d17e88ae382f4f25c7d4e26dcf2ea7e312a499233b,category=other;library=ipc_qfn.pretty
footprint,,footprints/other/ipc_qfn.pretty/IPC_QFN33P40_400X400X80L35X20T280N.kicad_mod,UNCHANGED,9e7e98752eeedf2022915c90b064c832cede5b192ac69b68675b7caf7ae6f96f,category=other;library=ipc_qfn.pretty
footprint,,footprints/other/ipc_qfn.pretty/IPC_QFN44P50_700X700X90L40X24N.kicad_mod,UNCHANGED,c0e91c72c95d362312206aaa26e262ea344d7b427bc39a22270870c773c5b6e0,category=other;library=ipc_qfn.pretty
footprint,,footprints/other/ipc_qfn.pretty/IPC_QFN45P40_600X500X80L40X21T450X350N.kicad_mod,UNCHANGED,2f48428aefb497a03d60b549dea6bb7d2bade766a374eda38806a3743eae389b,category=other;library=ipc_qfn.pretty
footprint,,footprints/other/ipc_qfn.pretty/IPC_QFN65P50_900X900X80L40X25T715N.kicad_mod,UNCHANGED,fe4af20817db7b4d32686ce529b6a70b472a45cd4f454c5b52668be271eaefaa,category=other;library=ipc_qfn.pretty
footprint,,footprints/other/ipc_qfp.pretty/IPC_QFP144P50_2200X2200X160L60X22N.kicad_mod,UNCHANGED,3b2201bb042e4b4cc56d71b3b8e38d50357cc2ae1ea332b0b8404ef3875e0333,category=other;library=ipc_qfp.pretty
footprint,,footprints/other/ipc_qfp.pretty/IPC_QFP48P50_900X900X160L60X22N.kicad_mod,UNCHANGED,3002b69018e03d3c92fb0a8756d6133e3c5f9fcbf7ac63a54635d34cb261dc0d,category=other;library=ipc_qfp.pretty
footprint,,footprints/other/ipc_qfp.pretty/IPC_QFP64P50_1200X1200X160L60X20N.kicad_mod,UNCHANGED,1a86a8dc874ef98c2c64d9aba96c38e22ac111a6b034769d92e018c6651ea1ec,category=other;library=ipc_qfp.pretty
footprint,,footprints/other/ipc_qfp.pretty/IPC_QFP64P50_1200X1200X160L60X22N.kicad_mod,UNCHANGED,3b4b689081a04e7cb8727226a1115afb701a39c656d65f575c346e30b4381228,category=other;library=ipc_qfp.pretty
footprint,,footprints/other/ipc_qfp.pretty/IPC_QFP65P40_900X900X120L60X18T450N.kicad_mod,UNCHANGED,018eedb3862a5f664cc8f4442617e17befcb854666eaaedf29d79e0a3a0b300c,category=other;library=ipc_qfp.pretty
footprint,,footprints/other/ipc_resc.pretty/IPC_RESC100X50X40L25N.kicad_mod,UNCHANGED,465336c49c69cb971553af50a6ff52b65b8335ae95519b2e0614b6eb1d68fa88,category=other;library=ipc_resc.pretty
footprint,,footprints/other/ipc_resc.pretty/IPC_RESC160X80X55L25N.kicad_mod,UNCHANGED,2134cfa7f3717af833b2918f5769a7f2ae106f92cac4da1a642e1c0481bfbdd1,category=other;library=ipc_resc.pretty
footprint,,footprints/other/ipc_resc.pretty/IPC_RESC200X125X60L35N.kicad_mod,UNCHANGED,cc293fb4b8dcc8c5b2f66cb829d8cfc1882d4f1319a4471188129de072710936,category=other;library=ipc_resc.pretty
footprint,,footprints/other/ipc_resc.pretty/IPC_RESC320X160X89L51N.kicad_mod,UNCHANGED,3898d98f456a410bcea65b2f78e5c387177947557f42478dacd2f998463744ba,category=other;library=ipc_resc.pretty
footprint,,footprints/other/ipc_resc.pretty/IPC_RESC60X30X26L15N.kicad_mod,UNCHANGED,70cc4c4a94d9c997fae532a81d58074a2d775da2252141a71e65978d273e6636,category=other;library=ipc_resc.pretty
footprint,,footprints/other/ipc_resc.pretty/IPC_RESC635X318X89L76N.kicad_mod,UNCHANGED,f4d8f52d08199927bf122098ab584acf7be979ab318cb17b1f1b64e06864e798,category=other;library=ipc_resc.pretty
footprint,,footprints/other/ipc_rescax.pretty/IPC_RESCAXS8P80_320X160X60L30X45N.kicad_mod,UNCHANGED,6adf835b8a419a7fc364f165d8234e6b411a37e394425728ef9635df97356b18,category=other;library=ipc_rescax.pretty
footprint,,footprints/other/ipc_sodfl.pretty/IPC_SODFL2512X90L40X30N.kicad_mod,UNCHANGED,2c16345fdb7bd458da88aaf4e69d61b90589f582567f8a6fcbc47b13330c80f6,category=other;library=ipc_sodfl.pretty
footprint,,footprints/other/ipc_soic.pretty/IPC_SOIC127P1030X265-16N.kicad_mod,UNCHANGED,760191ea669b5068e48db3a1f4f5ce66404787f0537623e8ca511cc78e769a0d,category=other;library=ipc_soic.pretty
footprint,,footprints/other/ipc_soic.pretty/IPC_SOIC127P600X175-16N.kicad_mod,UNCHANGED,7addb466f1fd55c26ceca87a86b687378ed4a40f988c8886c4f17e2bb3b86ff3,category=other;library=ipc_soic.pretty
footprint,,footprints/other/ipc_soic.pretty/IPC_SOIC127P600X175-8N.kicad_mod,UNCHANGED,a4c770eb47b5247ae1c121865180c22e32162e2676c5779ab8f2fb57d5323a51,category=other;library=ipc_soic.pretty
footprint,,footprints/other/ipc_soic.pretty/IPC_SOIC127P780X205-8N.kicad_mod,UNCHANGED,1d1e12e46d4a279996c05cad365859ff8e842e145a75ef393722ff10b7e113fc,category=other;library=ipc_soic.pretty
footprint,,footprints/other/ipc_soic.pretty/IPC_SOIC14P127_865X600X175L83X41N.kicad_mod,UNCHANGED,7a336acb155b8e88910778a7a3e2b926747ba3a57da2207e630689d70404aeb6,category=other;library=ipc_soic.pretty
footprint,,footprints/other/ipc_soic.pretty/IPC_SOIC16P127_990X600X175L83X41N.kicad_mod,UNCHANGED,4b114d0d2fdd9285db9103a0d110e78a600781c0f52c91bad3935ad1df41ffcc,category=other;library=ipc_soic.pretty
footprint,,footprints/other/ipc_soic.pretty/IPC_SOIC18P127_1145X1030X265L75X40N.kicad_mod,UNCHANGED,daebcda6b8db92e6c89f190bf6a3042b7529b114c6079df955147b50afaa34cf,category=other;library=ipc_soic.pretty
footprint,,footprints/other/ipc_soic.pretty/IPC_SOIC8P127_490X599X175L84X41N.kicad_mod,UNCHANGED,ee73f5d256caacbaee899cdd8ece260d630ab832fe55458efb3041c4011fa493,category=other;library=ipc_soic.pretty
footprint,,footprints/other/ipc_soic.pretty/IPC_SOIC8P127_490X600X175L83X41N.kicad_mod,UNCHANGED,2a74ee174508d13bbdf69516d5dae94c51f6761543da02276f349d2ffb5da5d1,category=other;library=ipc_soic.pretty
footprint,,footprints/other/ipc_soic.pretty/IPC_SOIC8P127_528X790X216L65X41N.kicad_mod,UNCHANGED,1d51180077947327ccd0dc5f3ccaf4d88222b3da1f29763935f529d874eb378d,category=other;library=ipc_soic.pretty
footprint,,footprints/other/ipc_son.pretty/IPC_SON11P50_260X260X65L35X25T215X126N.kicad_mod,UNCHANGED,d6c3c88f65707831e481793f4fac21245b6c3366be003754b1cd93f3ad7397e6,category=other;library=ipc_son.pretty
footprint,,footprints/other/ipc_son.pretty/IPC_SON23P50_600X500X150L50X27T547X324N.kicad_mod,UNCHANGED,c56df2610e9944e95508a9365bf67590f39716988eae8d8fffcdbc04107a550c,category=other;library=ipc_son.pretty
footprint,,footprints/other/ipc_son.pretty/IPC_SON6P35_100X100X40L40X17N.kicad_mod,UNCHANGED,3eb74c085325da9a50697b50eccc66e3fc49045df45f3390053f0da02336d653,category=other;library=ipc_son.pretty
footprint,,footprints/other/ipc_son.pretty/IPC_SON7P50_150X150X50L17X25T120X70N.kicad_mod,UNCHANGED,713b01f93747f010e45742373e23cbc753d86ce5220e08d70e9986c22642be73,category=other;library=ipc_son.pretty
footprint,,footprints/other/ipc_son.pretty/IPC_SON8P50_200X150X100L35X25N.kicad_mod,UNCHANGED,f7d2cb1d0475acd07b6dd8442cb353fe35aa7d93f5f3f22f1ac8cd3e9879c717,category=other;library=ipc_son.pretty
footprint,,footprints/other/ipc_son.pretty/IPC_SON9P127_500X600X80L60X41T400X340N.kicad_mod,UNCHANGED,2b00d4092a38f955ef84fd263b76defd0cd801ffc184653ddc44919ff0b4145d,category=other;library=ipc_son.pretty
footprint,,footprints/other/ipc_son.pretty/IPC_SON9P50_200X200X100L30X25T80X120N.kicad_mod,UNCHANGED,803137b035fada70d596645fdf4a4a81d42b145c518706ee4ab2f4bfc018a2c3,category=other;library=ipc_son.pretty
footprint,,footprints/other/ipc_son.pretty/IPC_SON9P50_200X200X100L35X24T115X55N.kicad_mod,UNCHANGED,c096026336fcee259cf4cf28a76f5f2fd4bfab54fac3161aa0bbeff90bbee3a4,category=other;library=ipc_son.pretty
footprint,,footprints/other/ipc_son.pretty/IPC_SON9P50_200X200X55L32X24T90X160N.kicad_mod,UNCHANGED,b326669b77bc260b05ca196be3fcfc386e626b91e76b52686315366b60e97d39,category=other;library=ipc_son.pretty
footprint,,footprints/other/ipc_son.pretty/IPC_SON9P50_300X300X80L40X25T244X160N.kicad_mod,UNCHANGED,dd9f55d14a9535e521ae007bb28d7f6d66e23f26ee17e29216ecc173570f5eac,category=other;library=ipc_son.pretty
footprint,,footprints/other/ipc_sop.pretty/IPC_SOP14P65_620X780X200L75X30N.kicad_mod,UNCHANGED,e7ff178f1bc79234c96d889ed0647db2a6d751b04565813161af4eb15ca7dc3b,category=other;library=ipc_sop.pretty
footprint,,footprints/other/ipc_sop.pretty/IPC_SOP16P65_500X640X110L62X24N.kicad_mod,UNCHANGED,124d021e0c2ba90eea3bbe5a54b9b75b8bee1a803e2c78665f4e93578908e752,category=other;library=ipc_sop.pretty
footprint,,footprints/other/ipc_sop.pretty/IPC_SOP16P65_500X640X120L62X24N.kicad_mod,UNCHANGED,48961baa28102897a5dffcc672fcd2979857cf779805fba4afd1da67943664de,category=other;library=ipc_sop.pretty
footprint,,footprints/other/ipc_sop.pretty/IPC_SOP20P65_650X640X110L62X24N.kicad_mod,UNCHANGED,020455179c98d2299364384643ee8f1657565bb843bcaeb266db392789e87696,category=other;library=ipc_sop.pretty
footprint,,footprints/other/ipc_sop.pretty/IPC_SOP32P50_800X1400X120L60X22N.kicad_mod,UNCHANGED,109bb0afe91aae7456ec86edfa5a4168c6d35747913794d8f6891a1a722e8249,category=other;library=ipc_sop.pretty
footprint,,footprints/other/ipc_sop.pretty/IPC_SOP48P63_1587X1025X280L80X25N.kicad_mod,UNCHANGED,0e6738c45ade5c22ce612cdd6b413527925f48d0364f55026df9d3cace891062,category=other;library=ipc_sop.pretty
footprint,,footprints/other/ipc_sop.pretty/IPC_SOP8P65_300X488X110L60X30N.kicad_mod,UNCHANGED,4040531f7cd965b8511b146ae6b6f897bec9750b50b2135bfb8ea3eef223745a,category=other;library=ipc_sop.pretty
footprint,,footprints/other/ipc_sot.pretty/IPC_SOT23-3P95_237X112L50X42N.kicad_mod,UNCHANGED,f2abfe87a008e7a39e577b84e1262f548b05fa004b0ff2ec05d94ffad7c7206f,category=other;library=ipc_sot.pretty
footprint,,footprints/other/ipc_sot.pretty/IPC_SOT23-3P95_260X130L40X42N.kicad_mod,UNCHANGED,1c553414e76ba054df0e2b22dbd3a038ba4982b60023af0558524efb5eec5a70,category=other;library=ipc_sot.pretty
footprint,,footprints/other/ipc_sot.pretty/IPC_SOT23-5P65_210X110L36X22N.kicad_mod,UNCHANGED,3e23efde80ea7bb5da36ae8ac328dd69b1510a8cba48696d23ce5064f19b938b,category=other;library=ipc_sot.pretty
footprint,,footprints/other/ipc_sot.pretty/IPC_SOT23-5P65_212X110L33X22N.kicad_mod,UNCHANGED,2607fd472d2bdf190e2fe09436aa8313ab049121461d1cd8c7807ddda2f14486,category=other;library=ipc_sot.pretty
footprint,,footprints/other/ipc_sot.pretty/IPC_SOT23-5P95_275X135L40X40N.kicad_mod,UNCHANGED,d98d754e06dbd28635a152a59d567f42d08dd787f53fa08590b8457f2d9a608e,category=other;library=ipc_sot.pretty
footprint,,footprints/other/ipc_sot.pretty/IPC_SOT23-5P95_280X100L45X40N.kicad_mod,UNCHANGED,b02066e6503862234c5f328ccf9ba3b7580b619eae3c9b59c54036abd4c315e6,category=other;library=ipc_sot.pretty
footprint,,footprints/other/ipc_sot.pretty/IPC_SOT23-6P65_210X110L30X25N.kicad_mod,UNCHANGED,f9f8e6d78ec61cbf4f96167bdc0f1148b678227edcecc09400013108ed8d5444,category=other;library=ipc_sot.pretty
footprint,,footprints/other/ipc_sot.pretty/IPC_SOT23-6P65_210X110L36X22N.kicad_mod,UNCHANGED,b0b1c80cde0766a46773c0e591855d12d422850ebc2d518f38382b17d4f7bb6b,category=other;library=ipc_sot.pretty
footprint,,footprints/other/ipc_sot.pretty/IPC_SOT23-6P95_275X110L40X32N.kicad_mod,UNCHANGED,547acca44d92c5a7fa01c9f19f1bc84e5c516ea4f7cd986ac9233d97253b4a12,category=other;library=ipc_sot.pretty
footprint,,footprints/other/ipc_sot.pretty/IPC_SOT23-6P95_280X100L40X37N.kicad_mod,UNCHANGED,262ed2f2586aee24a739e5a9225e13df177cee684d5984cce03be282e44bc185,category=other;library=ipc_sot.pretty
footprint,,footprints/other/ipc_xtalsc.pretty/IPC_XTALSC320X500X135L130N.kicad_mod,UNCHANGED,fd3738e3eebb4997d7fbeacdeff1725a04d2bc7bf4e387a45641291bf3ae08df,category=other;library=ipc_xtalsc.pretty
footprint,,footprints/other/jst.pretty/JST_S2B-PH-SM4-TB.kicad_mod,UNCHANGED,8a72339320ac8cb78e14daea29adb957ad5d65fefbca91e7c30bad01b23f6bbf,category=other;library=jst.pretty
footprint,,footprints/other/jst.pretty/JST_S3B-PH-SM4-TB.kicad_mod,UNCHANGED,c4491825c4a881c6b14078763f15b034c29229441d2439fb54791b5d64db811c,category=other;library=jst.pretty
footprint,,footprints/other/jst.pretty/JST_S5B-XH-A.kicad_mod,UNCHANGED,8d2c3eb06542bfa180f93bf13ce25b10afb2b9b6343e1bed31feff893de4f2fd,category=other;library=jst.pretty
footprint,,footprints/other/led_strip.pretty/LED_STRIP_WS2812.kicad_mod,UNCHANGED,27be290c866b5232b703782a3ead2c2ada906f17a0df80b1408efe177ac69a24,category=other;library=led_strip.pretty
footprint,,footprints/other/littelfuse.pretty/461.kicad_mod,UNCHANGED,542db74eba2856aaa20e838b553cb516e9b0623c1c92e13dc6aae686f3ca76c1,category=other;library=littelfuse.pretty
footprint,,footprints/other/littelfuse.pretty/DO-214AA.kicad_mod,UNCHANGED,58d0cd351c88d929a603907b7544453e380e4d91168f0b481e017af41c5707a5,category=other;library=littelfuse.pretty
footprint,,footprints/other/minicircuits.pretty/AT224-1A.kicad_mod,UNCHANGED,72f74767984d4e202fc8d8f5a6815c926dd413810f6d228a3975f19d39d463e8,category=other;library=minicircuits.pretty
footprint,,footprints/other/molex.pretty/1054500101.kicad_mod,UNCHANGED,8603b6409f3a140b393c1fc9215aa5fcdbdad027210f72bf936c9230d39dc09f,category=other;library=molex.pretty
footprint,,footprints/other/molex.pretty/479480001.kicad_mod,UNCHANGED,c4ad5208d70ca11585867332c17148fe788982195e59885857b7f7c20ab6e30e,category=other;library=molex.pretty
footprint,,footprints/other/molex.pretty/MOLEX_0015244441.kicad_mod,UNCHANGED,d025899b3ec2e61e0f82a4ab56f04e04948e06ebde139979c86d5b10ee36829e,category=other;library=molex.pretty
footprint,,footprints/other/molex.pretty/MOLEX_54132-40XX_LR.kicad_mod,UNCHANGED,a69accae8a3c5ab84af78a22990cc36db43703ca8891572c3a48928e74d5ead0,category=other;library=molex.pretty
footprint,,footprints/other/molex.pretty/MOLEX_54132-40XX_RL.kicad_mod,UNCHANGED,b7f07bcee0960d64ba85f3718ef05b6789cd11f1bd4105ec4dd77956b3d896f8,category=other;library=molex.pretty
footprint,,footprints/other/newhaven.pretty/NHD-2.4-240320SF-CTXI-FT1.kicad_mod,UNCHANGED,735b0bb326c2837313fd65da2d3ce133bae97dab5db3d1a1c6bf55f326d3e139,category=other;library=newhaven.pretty
footprint,,footprints/other/ohmite.pretty/OHMITE_LVK12.kicad_mod,UNCHANGED,8f2dff6c13a6e2a75aa92a2735cb827bbcd5117268ecc653b083eb1c55a9d47c,category=other;library=ohmite.pretty
footprint,,footprints/other/onshore.pretty/ONSHORE_OSTYK55102030.kicad_mod,UNCHANGED,0a36ddd4e87422b78a78c0ab7ecac8baeabd3320926e2ecd5ed4e4a90b26285b,category=other;library=onshore.pretty
footprint,,footprints/other/phoenix.pretty/1990009.kicad_mod,UNCHANGED,c6c847162935ca7720bad749646af189ccbda31b4806bf3fa2d08a7458839132,category=other;library=phoenix.pretty
footprint,,footprints/other/phoenix.pretty/1990067.kicad_mod,UNCHANGED,68c93198da422d96e8fd9f1e175ef039422ea2e76719fd721bbe5304bedffb65,category=other;library=phoenix.pretty
footprint,,footprints/other/pot.pretty/NIDEC_ST-4EA.kicad_mod,UNCHANGED,c67b0872ec6f1baf6bf0d5f11cc3f67522e6198ac7a47f0c6981ecd340607f30,category=other;library=pot.pretty
footprint,,footprints/other/pulse.pretty/BH.kicad_mod,UNCHANGED,3b8f86c56f2c6a36d67e0d99bcef215833300e2d0a3d1b846d684bd08f3bb80e,category=other;library=pulse.pretty
footprint,,footprints/other/pulse.pretty/TOU.kicad_mod,UNCHANGED,a8297fe37feaef142179a1eb7e41592f8160c33b99b5d1df7a1268c6ed662ac8,category=other;library=pulse.pretty
footprint,,footprints/other/samtec.pretty/SAMTEC_QTH-090-01-F-D-A.kicad_mod,UNCHANGED,7fe2d621e9fdd5635c7d9d8fc3700cfe9a4dd098f206cf31ff4f1989259f588a,category=other;library=samtec.pretty
footprint,,footprints/other/sullins.pretty/SULLINS_GRPB041VWTC.kicad_mod,UNCHANGED,341c0097ab8e90e4345227b8ab1a088c4aeb5c850b78abdac03f02505e3fff25,category=other;library=sullins.pretty
footprint,,footprints/other/sullins.pretty/SULLINS_GRPB042VWQS.kicad_mod,UNCHANGED,0ba177af67c3f3498c421479db7b2baee82fb3c6c6416d7029c1998a35e8dfa1,category=other;library=sullins.pretty
footprint,,footprints/other/sullins.pretty/SULLINS_GRPB052VWQS.kicad_mod,UNCHANGED,fed7ad62b25d8a63cede12b5cb71b060a385ccd8f967df4b4b662e372670270f,category=other;library=sullins.pretty
footprint,,footprints/other/sullins.pretty/SULLINS_SBH11-PBPC-D08-RA.kicad_mod,UNCHANGED,9436e966e848225107b5f878cfc5f7de3d2df6983e2d821d398d60a165abf50d,category=other;library=sullins.pretty
footprint,,footprints/other/taiyo_yuden.pretty/NR6028.kicad_mod,UNCHANGED,b0e1da09208f55b9cc86c894fee39b360a0048aa725d67e0a89a96f49d96594f,category=other;library=taiyo_yuden.pretty
footprint,,footprints/other/taiyo_yuden.pretty/NRS6028.kicad_mod,UNCHANGED,cdab146dc8d348bfeaf047c0c39eb1358852c1c193d85385e144775a42c256a2,category=other;library=taiyo_yuden.pretty
footprint,,footprints/other/terminal_block.pretty/ED100_3DS.kicad_mod,UNCHANGED,4c8684dbc972829c5c75fe02e12563840a06502091ba06c9a8231d31a503e335,category=other;library=terminal_block.pretty
footprint,,footprints/other/ti.pretty/TI_DBV_SOT-23-5.kicad_mod,UNCHANGED,2a6671cfb8bb636f51a7c63f0bbf0fe24e024f6fdd2fb70003813dabe5717222,category=other;library=ti.pretty
footprint,,footprints/other/ti.pretty/TI_DGN_S-PDSO-G8.kicad_mod,UNCHANGED,7c79c861120edc3811c68c2c92ab872ae0c59964fcde4ff7de80b71537dd307f,category=other;library=ti.pretty
footprint,,footprints/other/ti.pretty/TI_DQA_R-PSON-N10.kicad_mod,UNCHANGED,9a4671254be3cc49909a570014f3c009c178618482027bc5af7fc33254bca5b6,category=other;library=ti.pretty
footprint,,footprints/other/ti.pretty/TI_DRB_S-PVSON-N8.kicad_mod,UNCHANGED,25203586ffe9e301308e6f1d22c0c97dd7f53d11aa8910839df3c104c09cfb78,category=other;library=ti.pretty
footprint,,footprints/other/ti.pretty/TI_DRC_S-PVSON-N10.kicad_mod,UNCHANGED,60ddce817b761a0570c68fe7f1b5e8a8db63de1320aed9b1d531fe8cd10f9374,category=other;library=ti.pretty
footprint,,footprints/other/ti.pretty/TI_PW_R-PDSO-G16.kicad_mod,UNCHANGED,959d623117e2577cb07782b064615e0c4debbbc5174274ef5a7187afb40b69f5,category=other;library=ti.pretty
footprint,,footprints/other/ti.pretty/TI_RKG_QFN-39.kicad_mod,UNCHANGED,a8edafded5942327be3882b27a7deba74fef4a974ade1f811cb5dd829c997d05,category=other;library=ti.pretty
footprint,,footprints/other/ti.pretty/TI_RTE_S-PWQFN-N16.kicad_mod,UNCHANGED,8c3c1f553752452c2280ea70498430fe54b5fd30ddea7ca3990870b957b73dd8,category=other;library=ti.pretty
footprint,,footprints/other/ti.pretty/TI_RWB_X2QFN-12.kicad_mod,UNCHANGED,2bb4a15abb7a772080cb12228f0a89b645f7d7a300acaf360a7eeadfd29af32a,category=other;library=ti.pretty
footprint,,footprints/other/tp.pretty/TP_1MM.kicad_mod,UNCHANGED,c1688b0161f98041909bae143d749f97e7cb70b9ca30d8685715a69b48694ae7,category=other;library=tp.pretty
footprint,,footprints/other/tp.pretty/TP_2MM.kicad_mod,UNCHANGED,f9eec7bf70ef37afc75913d861e3169c5dbe438be317d360524ba6206b3a8597,category=other;library=tp.pretty
footprint,,footprints/other/ublox.pretty/MAX-M8.kicad_mod,UNCHANGED,e1f843dbba0f19a91975c78ae93891b96ca1c2f1f5b8f2f2cc47ebb2bba98c25,category=other;library=ublox.pretty
footprint,,footprints/other/wurth.pretty/WE-HCI_7050.kicad_mod,UNCHANGED,60cbc4d2e550ce2b1c6ef5a61ba8c98f2468b5cdb0cacdd33fe9d34dd93ca806,category=other;library=wurth.pretty
footprint,,footprints/other/wurth.pretty/WE-TPC_4818.kicad_mod,UNCHANGED,c424c4a3310742b3cf7e30c0cf1f4e96cb4949cf99f6aef483e0da4960a9b9ef,category=other;library=wurth.pretty
footprint,,footprints/other/wurth.pretty/WE-TPC_5828.kicad_mod,UNCHANGED,631eef8be6c50aa43d2560645bc38db22d85af62f68bcfbd5885879ab82c0033,category=other;library=wurth.pretty
footprint,,footprints/other/zif.pretty/DIP-32_W15.24mm_ZIF.kicad_mod,UNCHANGED,29ccd7629a1d877d78a9ee91a8010987353d89f8dee8ad4f311f942c38234f59,category=other;library=zif.pretty
footprint,,footprints/rf/antenna.pretty/TAOGLAS_IP.1621.25.4.A.02.kicad_mod,UNCHANGED,dca3a15ea3fc771869bdf8aee436ce3c9a171f35bbc990303952901e304e6d22,category=rf;library=antenna.pretty
footprint,,footprints/rf/hackrf_expansion.pretty/HACKRF_ONE_EXPANSION.kicad_mod,UNCHANGED,415704507e0fbe8ace6d50da3ff9a2359d36c1c87d4fdd0fff00bb775c477219,category=rf;library=hackrf_expansion.pretty
footprint,,footprints/rf/rf_sma.pretty/EMERSON_142-0701-801.kicad_mod,UNCHANGED,b2eca23c1e296c820484b7c06660afd53aeb4a1d0be256a717b915d2224e4798,category=rf;library=rf_sma.pretty
footprint,,footprints/rf/rf_sma.pretty/EMERSON_142-0701-801_4layer.kicad_mod,UNCHANGED,9dd3b712288d13cb5289a566a039cff7288c90326d4c3e7d0dd907b45932d641,category=rf;library=rf_sma.pretty
footprint,,footprints/rf/rf_sma.pretty/MOLEX_0732511350.kicad_mod,UNCHANGED,b4f1519dd6835e124a551fb38c578738dcf8d08cfa34f5fc8ad588d231781fb8,category=rf;library=rf_sma.pretty
3d-model,,3dmodels/audio/ADAU1467WBCPZ300RL.stp,UNCHANGED,7bfd7698b54aa4e4a3fa4b4907c0c9d92733d0458a7fc64d2bbb9247e55ccad4,imported from https://github.com/freeDSP/FreeDSP_ki-CAD_Libraries
3d-model,,3dmodels/audio/PCM1808QPWRQ1.stp,UNCHANGED,b9f7ef76b651460fd876415e93a34e5c2394052fae253a8ce4309f678f10fe5e,imported from https://github.com/freeDSP/FreeDSP_ki-CAD_Libraries
3d-model,,3dmodels/audio/PCM9211PTR.stp,UNCHANGED,3b1031a4f132e82db18789ca9ae833215f7279d77c58b3976e3fcce7ba0a2f3b,imported from https://github.com/freeDSP/FreeDSP_ki-CAD_Libraries
3d-model,,3dmodels/microcontrollers/ESP32-C3-MINI-1.step,UNCHANGED,3ca5ac24b6943edf816eb1e75c525a42f13118cd5546b70812c1d21149bcdcab,imported from https://github.com/espressif/kicad-libraries
3d-model,,3dmodels/microcontrollers/ESP32-C3-WROOM-02.step,UNCHANGED,a8d12f6f5b7420c5c02cb684d97c8b44a8508b12477cbc7060ba25d64ff87ed8,imported from https://github.com/espressif/kicad-libraries
3d-model,,3dmodels/microcontrollers/ESP32-C5-WROOM-1.step,UNCHANGED,79c9f74996ca00ed63675cd5dbee7d7097a13d8f1e5a3bceff5d13e9727cf360,imported from https://github.com/espressif/kicad-libraries
3d-model,,3dmodels/microcontrollers/ESP32-C5-WROOM-1U.step,UNCHANGED,6cafcee66fa34acfeb1513db22c68145ca62f7c63f8edb6a18944ceacda7e537,imported from https://github.com/espressif/kicad-libraries
3d-model,,3dmodels/microcontrollers/ESP32-C6-MINI-1_U.step,UNCHANGED,18025a7cf3822ea4867ac87a3cdb687954a42d259b8f7ca36976ceafe0685afa,imported from https://github.com/espressif/kicad-libraries
3d-model,,3dmodels/microcontrollers/ESP32-C6-WROOM-1.step,UNCHANGED,9565ee695edb06a09ae9a7017485ac54391e0ba9f0cab58609fd185e6351f4ac,imported from https://github.com/espressif/kicad-libraries
3d-model,,3dmodels/microcontrollers/ESP32-H2-MINI-1.step,UNCHANGED,3ca5ac24b6943edf816eb1e75c525a42f13118cd5546b70812c1d21149bcdcab,imported from https://github.com/espressif/kicad-libraries
3d-model,,3dmodels/microcontrollers/ESP32-MINI-1.step,UNCHANGED,4bbb9aab91f8c06a6dcbbf8539a522bf38f8e86021a981ceac4ab3e89ad02b3d,imported from https://github.com/espressif/kicad-libraries
3d-model,,3dmodels/microcontrollers/ESP32-S2-MINI-1.step,UNCHANGED,4a95fd9b23c2c3f51b4aeb2f2b85f274becd1aedc293b13065901576bcfb01b0,imported from https://github.com/espressif/kicad-libraries
3d-model,,3dmodels/microcontrollers/ESP32-S2-SOLO.step,UNCHANGED,42e6a94e11c7d6e72bb7b25bf81d8e73a1ace0fde9858dd2681d1d6933de2462,imported from https://github.com/espressif/kicad-libraries
3d-model,,3dmodels/microcontrollers/ESP32-S2-WROOM.step,UNCHANGED,984bdbd25d9a307fae6c77d140dce6ffa1a564c58caa81a7987273e4bff8b5e5,imported from https://github.com/espressif/kicad-libraries
3d-model,,3dmodels/microcontrollers/ESP32-S2-WROVER.step,UNCHANGED,8b5799046e6be2d66ba7328f9cd4e6d6fe4d8077094fefff53351a2f70eda502,imported from https://github.com/espressif/kicad-libraries
3d-model,,3dmodels/microcontrollers/ESP32-S3-MINI-1.step,UNCHANGED,042750ceda97250e23802b1eccf38a7f3e6868707a2d41c8607961006dcda14b,imported from https://github.com/espressif/kicad-libraries
3d-model,,3dmodels/microcontrollers/ESP32-S3-WROOM-1.step,UNCHANGED,02e192087a1a2268ccbe7bf667ef04884370fc76c994484bf85654dfa7407ef6,imported from https://github.com/espressif/kicad-libraries
3d-model,,3dmodels/microcontrollers/ESP32-S3-WROOM-2.step,UNCHANGED,02e192087a1a2268ccbe7bf667ef04884370fc76c994484bf85654dfa7407ef6,imported from https://github.com/espressif/kicad-libraries
3d-model,,3dmodels/microcontrollers/ESP32-S31-WROOM-3.step,UNCHANGED,a0178d5b0749b51f42d2999aefa6f89f19a8e1517054f4dd2d08f0c37ef81a5a,imported from https://github.com/espressif/kicad-libraries
3d-model,,3dmodels/microcontrollers/ESP32-WROOM-E.step,UNCHANGED,024655adaf1d6b3580d928427ec524091e962861453e711d02949ab4094c3281,imported from https://github.com/espressif/kicad-libraries
3d-model,,3dmodels/microcontrollers/ESP32-WROVER-E.step,UNCHANGED,2fbcda2f6f38a29c2f06f141779616be2b3506311636930b98dfe11f9d4ce8b6,imported from https://github.com/espressif/kicad-libraries
3d-model,,3dmodels/microcontrollers/ESP8684-WROOM-02C_U.step,UNCHANGED,49a05551482520b84e0e85065aaf3168fe324fd6b804ab7c0615140e292237fb,imported from https://github.com/espressif/kicad-libraries
3d-model,,3dmodels/other/TPS63020DSJT.step,UNCHANGED,165403e954f659b967ac7f7bd031d8af2d3f630642ea6dbbbdc97c3beeb7b317,category=other
3d-model,,3dmodels/power/TPS7A2012PDBVR.step,UNCHANGED,2db36240c0d2f95ef1eb394a4da58912c347ad61f2d1b935e49e6f612c7cd0b2,category=power
3d-model,,3dmodels/power/TPS7A2018PDBVR.step,UNCHANGED,7744368198b1fa542200083121f7916209a040646323615072aeadb4b1b308cc,category=power
